1/15/2015,0:00,22.8,0,15
1/15/2015,2:00,22.7,0,15
1/15/2015,4:00,22.6,0,15
1/15/2015,6:00,22.5,0,15
1/15/2015,8:00,23.4,0,15
1/15/2015,10:00,25.6,0,0
1/15/2015,12:00,22.6,2.6,13
1/15/2015,14:00,23.1,6.8,13
1/15/2015,16:00,23.3,2.4,15
1/15/2015,18:00,23.7,0.2,0
1/15/2015,20:00,22.8,0,2
1/15/2015,22:00,22.6,0,0
1/16/2015,0:00,21.4,0,0
1/16/2015,2:00,20.7,0,1
1/16/2015,4:00,21.0,0,3
1/16/2015,6:00,21.1,0,15
1/16/2015,8:00,21.8,0,15
1/16/2015,10:00,24.9,0,0
1/16/2015,12:00,28.8,0,0
1/16/2015,12:00,28.8,0,0
1/16/2015,14:00,29.8,0,0
1/16/2015,16:00,30.2,0,0
1/16/2015,18:00,29.1,0,0
1/16/2015,20:00,26.4,0,0
1/16/2015,22:00,24.9,0.2,15
1/17/2015,0:00,24.2,0,15
1/17/2015,2:00,24.2,0,15
1/17/2015,4:00,23.8,0.2,15
1/17/2015,6:00,23.6,0,15
1/17/2015,8:00,24.4,0,1
1/17/2015,10:00,25.8,0,1
1/17/2015,12:00,25.2,2,14
1/17/2015,14:00,28.6,0.2,0
1/17/2015,16:00,29.9,0,0
1/17/2015,18:00,28.8,0,0
1/17/2015,20:00,25.5,1.4,14
1/17/2015,22:00,22.9,0,15
1/18/2015,0:00,22.4,0,15
1/18/2015,2:00,22.3,0,15
1/18/2015,4:00,22.4,0,15
1/18/2015,6:00,22.3,0,15
1/18/2015,8:00,23.4,0,0
1/18/2015,10:00,25.3,0,0
1/18/2015,12:00,29.0,0,0
1/18/2015,14:00,30.4,0,0
1/18/2015,16:00,29.2,0,0
1/18/2015,18:00,28.1,0,0
1/18/2015,20:00,25.5,0,0
1/18/2015,22:00,24.0,0,2
1/19/2015,0:00,23.4,0,2
1/19/2015,2:00,23.1,0,2
1/19/2015,4:00,22.1,0,2
1/19/2015,6:00,21.7,0,3
1/19/2015,8:00,23.6,0,13
1/19/2015,10:00,29.4,0,0
1/19/2015,12:00,31.9,0,0
1/19/2015,14:00,33.7,0,0
1/19/2015,16:00,34.5,0,0
1/19/2015,18:00,34.7,0,0
1/19/2015,20:00,26.3,0,0
1/19/2015,22:00,24.8,0,0
1/20/2015,0:00,23.8,0,1
1/20/2015,2:00,24.1,0,0
1/20/2015,4:00,23.0,0,1
1/20/2015,6:00,23.1,0,15
1/20/2015,8:00,22.8,0,15
1/20/2015,10:00,24.3,0,15
1/20/2015,12:00,26.3,0,2
1/20/2015,14:00,28.0,0,0
1/20/2015,16:00,26.3,0,0
1/20/2015,18:00,25.4,0,0
1/20/2015,20:00,22.7,20,13
1/20/2015,22:00,20.8,1.2,0
1/21/2015,0:00,19.4,0.8,14
1/21/2015,2:00,19.3,0,13
1/21/2015,4:00,18.6,0,15
1/21/2015,6:00,17.8,0,15
1/21/2015,8:00,19.8,0,1
1/21/2015,10:00,23.1,0,0
1/21/2015,12:00,23.0,0.4,15
1/21/2015,14:00,23.9,0.4,0
1/21/2015,16:00,24.5,0,0
1/21/2015,18:00,21.4,0.6,15
1/21/2015,20:00,21.1,1.8,15
1/21/2015,22:00,20.5,0.4,15
1/22/2015,0:00,18.5,0,15
1/22/2015,2:00,16.8,0.2,15
1/22/2015,4:00,15.8,0,15
1/22/2015,6:00,16.7,0,15
1/22/2015,8:00,17.6,0,15
1/22/2015,10:00,22.7,0,0
1/22/2015,12:00,26.2,0,0
1/22/2015,14:00,27.4,0,0
1/22/2015,16:00,27.5,0,0
1/22/2015,18:00,26.0,0,0
1/22/2015,20:00,23.2,0,0
1/22/2015,22:00,21.1,0,0
1/23/2015,0:00,17.6,0,0
1/23/2015,2:00,17.1,0,1
1/23/2015,4:00,16.1,0,6
1/23/2015,6:00,15.5,0,15
1/23/2015,8:00,20.4,0,13
1/23/2015,10:00,25.0,0,0
1/23/2015,12:00,27.4,0,0
1/23/2015,14:00,29.6,0,0
1/23/2015,16:00,30.0,0,0
1/23/2015,18:00,27.6,0,0
1/23/2015,20:00,24.7,0,0
1/23/2015,22:00,22.2,0,0
1/24/2015,0:00,19.2,0,2
1/24/2015,2:00,18.7,0,3
1/24/2015,4:00,17.3,0,14
1/24/2015,6:00,16.6,0.2,15
1/24/2015,8:00,21.7,0,15
1/24/2015,10:00,27.7,0,0
1/24/2015,12:00,29.8,0,0
1/24/2015,14:00,31.8,0,0
1/24/2015,16:00,31.9,0,0
1/24/2015,18:00,30.3,0,0
1/24/2015,20:00,25.6,0,0
1/24/2015,22:00,24.2,0,0
1/25/2015,0:00,21.7,0,0
1/25/2015,2:00,20.4,0,0
1/25/2015,4:00,19.8,0,2
1/25/2015,6:00,18.3,0,3
1/25/2015,8:00,24.7,0,0
1/25/2015,10:00,28.7,0,0
1/25/2015,12:00,30.9,0,0
1/25/2015,14:00,33.8,0,0
1/25/2015,16:00,34.1,0,0
1/25/2015,18:00,33.0,0,0
1/25/2015,20:00,24.4,0,0
1/25/2015,22:00,22.8,0,2
1/26/2015,0:00,22.3,0,3
1/26/2015,2:00,21.8,0,4
1/26/2015,4:00,21.3,0,15
1/26/2015,6:00,20.9,0,15
1/26/2015,8:00,25.8,0,0
1/26/2015,10:00,29.7,0,0
1/26/2015,12:00,30.8,0,0
1/26/2015,14:00,33.2,0,0
1/26/2015,16:00,34.3,0,0
1/26/2015,18:00,30.3,0,0
1/26/2015,20:00,28.2,0,0
1/26/2015,22:00,25.7,0,0
1/27/2015,0:00,23.5,0,1
1/27/2015,2:00,22.5,0,3
1/27/2015,4:00,21.8,0,3
1/27/2015,6:00,21.8,0,11
1/27/2015,8:00,26.6,0,0
1/27/2015,10:00,31.2,0,0
1/27/2015,12:00,35.3,0,0
1/27/2015,14:00,34.1,0,0
1/27/2015,16:00,24.3,10.2,3
1/27/2015,18:00,26.3,0,0
1/27/2015,20:00,25.4,0,0
1/27/2015,22:00,23.4,0,0
1/28/2015,0:00,22,0,3
1/28/2015,2:00,22,0,1
1/28/2015,4:00,21.9,0,0
1/28/2015,6:00,22,0,0
1/28/2015,8:00,23.7,0,0
1/28/2015,10:00,30.8,0,0
1/28/2015,12:00,33.7,0,0
1/28/2015,14:00,33.6,0,0
1/28/2015,16:00,26.8,0.2,15
1/28/2015,18:00,25.7,3.2,2
1/28/2015,20:00,24.7,0.4,15
1/28/2015,22:00,24.4,0.6,13
1/29/2015,0:00,23.8,0.2,15
1/29/2015,2:00,23.7,0,15
1/29/2015,4:00,23.4,0,15
1/29/2015,6:00,23.4,0,15
1/29/2015,8:00,24.4,0,1
1/29/2015,10:00,23.8,3.6,13
1/29/2015,12:00,22.1,3.4,10
1/29/2015,14:00,22.3,5.2,15
1/29/2015,16:00,24.2,0.2,0
1/29/2015,18:00,24.8,0,0
1/29/2015,20:00,21.2,0,0
1/29/2015,22:00,20.1,0,0
1/30/2015,0:00,19.9,0.4,15
1/30/2015,2:00,18.9,0,15
1/30/2015,4:00,18.6,0,15
1/30/2015,6:00,18.2,0,15
1/30/2015,8:00,18.9,0,0
1/30/2015,10:00,23.4,0,0
1/30/2015,12:00,26.1,0,0
1/30/2015,14:00,27.1,0,0
1/30/2015,16:00,27.4,0,0
1/30/2015,18:00,26,0,0
1/30/2015,20:00,22.6,0,0
1/30/2015,22:00,21.7,0,0
1/31/2015,0:00,17.8,0,0
1/31/2015,2:00,18.9,0,0
1/31/2015,4:00,19.2,0,0
1/31/2015,6:00,17.9,0,0
1/31/2015,8:00,21.9,0,0
1/31/2015,10:00,25.2,0,0
1/31/2015,12:00,26.8,0,0
1/31/2015,14:00,27.1,0,0
1/31/2015,16:00,26.6,0,0
1/31/2015,18:00,24.2,0.6,15
1/31/2015,20:00,22.4,1.8,5
1/31/2015,22:00,21.6,0,5
2/1/2015,0:00,20.3,0,14
2/1/2015,2:00,19.3,0,15
2/1/2015,4:00,19,0,15
2/1/2015,6:00,19.6,0,15
2/1/2015,8:00,20.6,0,3
2/1/2015,10:00,25.9,0,0
2/1/2015,12:00,29,0,0
2/1/2015,14:00,30.9,0,0
2/1/2015,16:00,30.8,0,0
2/1/2015,18:00,29.7,0,0
2/1/2015,20:00,23.8,0,0
2/1/2015,22:00,21.6,0,0
2/2/2015,0:00,21,0,1
2/2/2015,2:00,20.5,0,2
2/2/2015,4:00,19.6,0,7
2/2/2015,6:00,18.8,0,15
2/2/2015,8:00,23.9,0,4
2/2/2015,10:00,29,0,0
2/2/2015,12:00,31.2,0,0
2/2/2015,14:00,32.3,0,0
2/2/2015,16:00,32.8,0,0
2/2/2015,18:00,31.8,0,0
2/2/2015,20:00,27.6,0,0
2/3/2015,13:00,31.4,0,0
2/3/2015,14:00,31.6,0,0
2/3/2015,15:00,32.9,0,0
2/3/2015,16:00,31.9,0,0
2/3/2015,17:00,30.2,0,0
2/3/2015,18:00,29.2,0,0
2/3/2015,19:00,28.8,0,0
2/3/2015,20:00,26.9,0,0
2/3/2015,21:00,25.4,0,0
2/3/2015,22:00,24.3,0,0
2/3/2015,23:00,23,0,1
2/4/2015,0:00,22.5,0,2
2/4/2015,1:00,22.1,0,2
2/4/2015,2:00,21.7,0,2
2/4/2015,3:00,21.3,0,3
2/4/2015,4:00,20.9,0,3
2/4/2015,5:00,20.6,0,7
2/4/2015,6:00,20.1,0,11
2/4/2015,7:00,21.4,0,15
2/4/2015,8:00,24.5,0,0
2/4/2015,9:00,26.6,0,0
2/4/2015,10:00,26.6,0,0
2/4/2015,11:00,29.2,0,0
2/4/2015,12:00,30.6,0,0
2/4/2015,13:00,31.1,0,0
2/4/2015,14:00,31.3,0,0
2/4/2015,15:00,31,0,0
2/4/2015,16:00,30.4,0,0
2/4/2015,17:00,29.2,0,0
2/4/2015,18:00,29.1,0,0
2/4/2015,19:00,27.5,0,0
2/4/2015,20:00,26.2,0,0
2/4/2015,21:00,24.7,0,0
2/4/2015,22:00,23.6,0,0
2/4/2015,23:00,22.9,0,0
2/5/2015,0:00,21.9,0,0
2/5/2015,1:00,21.2,0,0
2/5/2015,2:00,20.3,0,1
2/5/2015,3:00,19.8,0,2
2/5/2015,4:00,19.3,0,2
2/5/2015,5:00,19.1,0,3
2/5/2015,6:00,19.3,0,3
2/5/2015,7:00,20.2,0,8
2/5/2015,8:00,23.5,0,0
2/5/2015,9:00,25.2,0,0
2/5/2015,10:00,27,0,0
2/5/2015,11:00,27.2,0,0
2/5/2015,12:00,28.7,0,0
2/5/2015,13:00,29.6,0,0
2/5/2015,14:00,30.9,0,0
2/5/2015,15:00,29,0,0
2/5/2015,16:00,27.8,0,0
2/5/2015,17:00,28.3,0,0
2/5/2015,18:00,28,0,0
2/5/2015,19:00,26.3,0,0
2/5/2015,20:00,24.9,0,0
2/5/2015,21:00,23.6,0,0
2/5/2015,22:00,22.3,0,0
2/5/2015,23:00,21.8,0,1
2/6/2015,0:00,20.7,0,2
2/6/2015,1:00,20.4,0,3
2/6/2015,2:00,19.7,0,3
2/6/2015,3:00,19.1,0,3
2/6/2015,4:00,19.2,0,4
2/6/2015,5:00,19.4,0,7
2/6/2015,6:00,19.8,0,15
2/6/2015,7:00,20.1,0,15
2/6/2015,8:00,20.7,0,15
2/6/2015,9:00,21.5,0.4,15
2/6/2015,10:00,24.6,0.4,0
2/6/2015,11:00,25.5,0,4
2/6/2015,12:00,26.3,0,0
2/6/2015,13:00,26.9,0,0
2/6/2015,14:00,28.3,0,0
2/6/2015,15:00,28.9,0,0
2/6/2015,16:00,28.6,0,0
2/6/2015,17:00,28.2,0,0
2/6/2015,18:00,27.4,0,0
2/6/2015,19:00,25.4,0,0
2/6/2015,20:00,23.2,0,0
2/6/2015,21:00,21.7,0,0
2/6/2015,22:00,19.8,0,1
2/6/2015,23:00,18.6,0,2
2/7/2015,0:00,17.7,0,3
2/7/2015,1:00,17,0,3
2/7/2015,2:00,16.7,0,8
2/7/2015,3:00,16.8,0,13
2/7/2015,4:00,17.2,0,15
2/7/2015,5:00,16.9,0,15
2/7/2015,6:00,17.2,0.2,15
2/7/2015,7:00,17.8,0,15
2/7/2015,8:00,19.8,0,1
2/7/2015,9:00,23.9,0,0
2/7/2015,10:00,25.3,0,0
2/7/2015,11:00,25.7,0,0
2/7/2015,12:00,28.1,0,0
2/7/2015,13:00,27.7,0,0
2/7/2015,14:00,28.1,0,0
2/7/2015,15:00,29.4,0,0
2/7/2015,16:00,28.1,0,0
2/7/2015,17:00,28.8,0,0
2/7/2015,18:00,28.3,0,0
2/7/2015,19:00,25.8,0,0
2/7/2015,20:00,23.6,0,0
2/7/2015,21:00,21.1,0,0
2/7/2015,22:00,19.8,0,0
2/7/2015,23:00,18.6,0,1
2/8/2015,0:00,17.8,0,2
2/8/2015,1:00,18.8,0,2
2/8/2015,2:00,19.1,0,2
2/8/2015,3:00,17.9,0,2
2/8/2015,4:00,17.1,0,12
2/8/2015,5:00,16.8,0,14
2/8/2015,6:00,16.7,0,15
2/8/2015,7:00,17.3,0,15
2/8/2015,8:00,21.1,0,0
2/8/2015,9:00,23.9,0,0
2/8/2015,10:00,26.3,0,0
2/8/2015,11:00,27.2,0,0
2/8/2015,12:00,28.9,0,0
2/8/2015,13:00,29.8,0,0
2/8/2015,14:00,30.6,0,0
2/8/2015,15:00,30.9,0,0
2/8/2015,16:00,31.6,0,0
2/8/2015,17:00,31.6,0,0
2/8/2015,18:00,29.9,0,0
2/8/2015,19:00,27.8,0,0
2/8/2015,20:00,25.7,0,0
2/8/2015,21:00,24.3,0,0
2/8/2015,22:00,22.9,0,0
2/8/2015,23:00,21.4,0,0
2/9/2015,0:00,19.8,0,1
2/9/2015,1:00,19.2,0,2
2/9/2015,2:00,18.8,0,2
2/9/2015,3:00,18.7,0,4
2/9/2015,4:00,18.2,0,10
2/9/2015,5:00,17.9,0,10
2/9/2015,6:00,17.9,0,11
2/9/2015,7:00,18.8,0,13
2/9/2015,8:00,23,0,0
2/9/2015,9:00,24.3,0,0
2/9/2015,10:00,28.2,0,0
2/9/2015,11:00,29.2,0,0
2/9/2015,12:00,31.7,0,0
2/9/2015,13:00,33.9,0,0
2/9/2015,14:00,35.2,0,0
2/9/2015,15:00,34.4,0,0
2/9/2015,16:00,31.6,0,0
2/9/2015,17:00,28.6,1.8,15
2/9/2015,18:00,23.7,3.6,2
2/9/2015,19:00,24.2,0,0
2/9/2015,20:00,22.4,0,3
2/9/2015,21:00,21.6,0,3
2/9/2015,22:00,21.3,0,4
2/9/2015,23:00,21.3,0,4
2/10/2015,0:00,21.6,0,4
2/10/2015,1:00,21,0,8
2/10/2015,2:00,20.1,0,9
2/10/2015,3:00,19.9,0,11
2/10/2015,4:00,19.8,0,14
2/10/2015,5:00,19.7,0,15
2/10/2015,6:00,19.4,0,15
2/10/2015,7:00,19.9,0,15
2/10/2015,8:00,23.8,0,15
2/10/2015,9:00,27.6,0,0
2/10/2015,10:00,29.9,0,0
2/10/2015,11:00,32.4,0,0
2/10/2015,12:00,34.1,0,0
2/10/2015,13:00,35.7,0,0
2/10/2015,14:00,35.9,0,0
2/10/2015,15:00,34.5,0,0
2/10/2015,16:00,29.6,0,0
2/10/2015,17:00,27.2,0,0
2/10/2015,18:00,26.7,0,0
2/10/2015,19:00,25.5,0,0
2/10/2015,20:00,23.4,0.6,15
2/10/2015,21:00,22.7,0,15
2/10/2015,22:00,22.6,0.2,15
2/10/2015,23:00,22.3,0,15
2/11/2015,0:00,22.5,0,3
2/11/2015,1:00,22.2,0,4
2/11/2015,2:00,22.1,0,4
2/11/2015,3:00,22.1,0,10
2/11/2015,4:00,21.8,0,13
2/11/2015,5:00,21.9,0,14
2/11/2015,6:00,22,0,14
2/11/2015,7:00,22.3,0,11
2/11/2015,8:00,22.4,4,15
2/11/2015,9:00,22.8,1.2,14
2/11/2015,10:00,22.4,13.8,13
2/11/2015,11:00,22.8,0.2,15
2/11/2015,12:00,23,2.2,13
2/11/2015,13:00,24.2,0.6,1
2/11/2015,14:00,25.4,0,0
2/11/2015,15:00,27.2,0,0
2/11/2015,16:00,27.1,0,0
2/11/2015,17:00,28.5,0,0
2/11/2015,18:00,28.8,0,0
2/11/2015,19:00,27.4,0,0
2/11/2015,20:00,25.9,0,0
2/11/2015,21:00,24.9,0,0
2/11/2015,22:00,24.6,0,0
2/11/2015,23:00,24.3,0,0
2/12/2015,0:00,23.8,0,0
2/12/2015,1:00,23.5,0,0
2/12/2015,2:00,23.4,0,1
2/12/2015,3:00,23.5,0,0
2/12/2015,4:00,23.5,0,0
2/12/2015,5:00,23.6,0,0
2/12/2015,6:00,23.6,0,0
2/12/2015,7:00,23.6,0,0
2/12/2015,8:00,23.9,0,0
2/12/2015,9:00,24.1,0,0
2/12/2015,10:00,25.1,0,0
2/12/2015,11:00,25.7,0,0
2/12/2015,12:00,27.2,0,0
2/12/2015,13:00,27.3,0,0
2/12/2015,14:00,30.6,0,0
2/12/2015,15:00,31.8,0,0
2/12/2015,16:00,32.2,0,0
2/12/2015,17:00,32.1,0,0
2/12/2015,18:00,32.2,0,0
2/12/2015,19:00,29.2,0,0
2/12/2015,20:00,25.7,0,0
2/12/2015,21:00,24.3,0,1
2/12/2015,22:00,24.4,0,1
2/12/2015,23:00,24,0,1
2/13/2015,0:00,24.1,0,2
2/13/2015,1:00,23.7,0,2
2/13/2015,2:00,22.9,0,3
2/13/2015,3:00,22.6,0,3
2/13/2015,4:00,22.1,0,3
2/13/2015,5:00,21.6,0,3
2/13/2015,6:00,21.5,0,3
2/13/2015,7:00,21.7,0,4
2/13/2015,8:00,22.9,0,10
2/13/2015,9:00,26.8,0,0
2/13/2015,10:00,29.6,0,0
2/13/2015,11:00,29,0,0
2/13/2015,12:00,29.7,0,0
2/13/2015,13:00,30.9,0,0
2/13/2015,14:00,30.7,0,0
2/13/2015,15:00,32.1,0,0
2/13/2015,16:00,30.2,0,0
2/13/2015,17:00,28.7,0,0
2/13/2015,18:00,28.1,0,0
2/13/2015,19:00,26.4,0,0
2/13/2015,20:00,25.7,0,0
2/13/2015,21:00,24.6,0,0
2/13/2015,22:00,24.2,0,0
2/13/2015,23:00,23.9,0,0
2/14/2015,0:00,23.6,0,0
2/14/2015,1:00,23.3,0,0
2/14/2015,2:00,22.5,0,0
2/14/2015,3:00,22.1,0,0
2/14/2015,4:00,22.2,0,1
2/14/2015,5:00,22.1,0,15
2/14/2015,6:00,21.7,0.2,15
2/14/2015,7:00,22.1,0,0
2/14/2015,8:00,22.7,0,0
2/14/2015,9:00,23.7,0,2
2/14/2015,10:00,24.1,0,0
2/14/2015,11:00,24.9,0,0
2/14/2015,12:00,26.2,0,0
2/14/2015,13:00,26.2,0,0
2/14/2015,14:00,26.1,0,0
2/14/2015,15:00,25.8,0,0
2/14/2015,16:00,25.7,0,0
2/14/2015,17:00,24.7,0,0
2/14/2015,18:00,23.6,0,0
2/14/2015,19:00,23.2,0,0
2/14/2015,20:00,22.7,0,0
2/14/2015,21:00,22.3,0,0
2/14/2015,22:00,22.1,0,0
2/14/2015,23:00,22.3,0,0
2/15/2015,0:00,22.3,0,0
2/15/2015,1:00,22.4,0,0
2/15/2015,2:00,22.3,0,0
2/15/2015,3:00,22.2,0,0
2/15/2015,4:00,21.9,0,1
2/15/2015,5:00,21.7,0,13
2/15/2015,6:00,21.1,0,0
2/15/2015,7:00,21.6,0,0
2/15/2015,8:00,22.3,0,0
2/15/2015,9:00,23.4,0,0
2/15/2015,10:00,25.6,0,0
2/15/2015,11:00,27.2,0,0
2/15/2015,12:00,27.1,0,0
2/15/2015,13:00,28.2,0,0
2/15/2015,14:00,27.2,0,0
2/15/2015,15:00,27.8,0,0
2/15/2015,16:00,28.5,0,0
2/15/2015,17:00,27.9,0,0
2/15/2015,18:00,26.8,0,0
2/15/2015,19:00,25.1,0,0
2/15/2015,20:00,23.1,0,0
2/15/2015,21:00,22.1,0,0
2/15/2015,22:00,19.6,0,6
2/15/2015,23:00,19.7,0,12
2/16/2015,0:00,18.7,0,14
2/16/2015,1:00,18.4,0,15
2/16/2015,2:00,19,0,15
2/16/2015,3:00,19.1,0,15
2/16/2015,4:00,19.2,0,15
2/16/2015,5:00,19.1,0,15
2/16/2015,6:00,19.2,0,15
2/16/2015,7:00,18.9,0,15
2/16/2015,8:00,20,0,15
2/16/2015,9:00,21.9,0,0
2/16/2015,10:00,23.9,0,0
2/16/2015,11:00,25.8,0,0
2/16/2015,12:00,27.2,0,0
2/16/2015,13:00,26.9,0,0
2/16/2015,14:00,27.4,0,0
2/16/2015,15:00,27.2,0,0
2/16/2015,16:00,27.3,0,0
2/16/2015,17:00,26.9,0,0
2/16/2015,18:00,26.6,0,0
2/16/2015,19:00,25.1,0,0
2/16/2015,20:00,23.6,0,0
2/16/2015,21:00,22.7,0,0
2/16/2015,22:00,21.6,0,1
2/16/2015,23:00,20.6,0,3
2/17/2015,1:00,19.5,0,4
2/17/2015,2:00,19.1,0,4
2/17/2015,3:00,19.0,0,6
2/17/2015,4:00,18.4,0,10
2/17/2015,5:00,18.2,0,12
2/17/2015,6:00,17.8,0,15
2/17/2015,7:00,18.7,0,15
2/17/2015,8:00,21.4,0,0
2/17/2015,9:00,23.8,0,0
2/17/2015,10:00,26.1,0,0
2/17/2015,11:00,27.7,0,0
2/17/2015,12:00,28.8,0,0
2/17/2015,13:00,29.5,0,0
2/17/2015,14:00,29.5,0,0
2/17/2015,15:00,30.7,0,0
2/17/2015,16:00,30.4,0,0
2/17/2015,17:00,27.9,0,0
2/17/2015,18:00,27.3,0,0
2/17/2015,19:00,25.7,0,0
2/17/2015,20:00,24.2,0,0
2/17/2015,21:00,23.4,0,0
2/17/2015,22:00,22.6,0,1
2/17/2015,23:00,21.3,0,9
2/18/2015,0:00,21,0,11
2/18/2015,1:00,19.9,0,11
2/18/2015,2:00,19.7,0,14
2/18/2015,3:00,18.8,0,14
2/18/2015,4:00,18.2,0,15
2/18/2015,5:00,18.6,0,15
2/18/2015,6:00,18.2,0,15
2/18/2015,7:00,18.7,0,15
2/18/2015,8:00,19.5,0,15
2/18/2015,9:00,21.3,0,15
2/18/2015,10:00,25.4,0,0
2/18/2015,11:00,28.3,0,0
2/18/2015,12:00,29.6,0,0
2/18/2015,13:00,30.5,0,0
2/18/2015,14:00,31.9,0,0
2/18/2015,15:00,32,0,0
2/18/2015,16:00,30.6,0,0
2/18/2015,17:00,27.3,0,0
2/18/2015,18:00,26.9,0,0
2/18/2015,19:00,26.1,0,0
2/18/2015,20:00,24.9,0,1
2/18/2015,21:00,23.9,0,1
2/18/2015,22:00,22.7,0,3
2/18/2015,23:00,21.7,0,5
2/19/2015,0:00,21.2,0,6
2/19/2015,1:00,21.2,0,6
2/19/2015,2:00,20.8,0,6
2/19/2015,3:00,20.1,0,8
2/19/2015,4:00,20.2,0,9
2/19/2015,5:00,19.7,0,15
2/19/2015,6:00,19.2,0.2,15
2/19/2015,7:00,19.4,0,15
2/19/2015,8:00,22.4,0,15
2/19/2015,9:00,25.7,0,0
2/19/2015,10:00,28.8,0,0
2/19/2015,11:00,31.7,0,0
2/19/2015,12:00,33.6,0,0
2/19/2015,13:00,33.7,0,0
2/19/2015,14:00,33.9,0,0
2/19/2015,15:00,30.9,0,15
2/19/2015,16:00,26.4,0.2,0
2/19/2015,17:00,25.8,0,0
2/19/2015,18:00,25.8,0,0
2/19/2015,19:00,24.8,0,15
2/19/2015,20:00,24.1,0,15
2/19/2015,21:00,23.3,0.2,15
2/19/2015,22:00,23,0.2,15
2/19/2015,23:00,22.6,0,15
2/20/2015,0:00,22.3,0,15
2/20/2015,1:00,22.3,0,15
2/20/2015,2:00,22.2,0,15
2/20/2015,3:00,22.4,0,15
2/20/2015,4:00,22.2,0,15
2/20/2015,5:00,22,0.2,15
2/20/2015,6:00,22.2,0,14
2/20/2015,7:00,22.3,0,15
2/20/2015,8:00,22.2,2,13
2/20/2015,9:00,22,2.8,11
2/20/2015,10:00,21.9,4.2,12
2/20/2015,11:00,22.7,0.2,15
2/20/2015,12:00,23.3,0.2,15
2/20/2015,13:00,24.1,0,15
2/20/2015,14:00,23.8,0.4,15
2/20/2015,15:00,24.2,0,0
2/20/2015,16:00,24.8,0,0
2/20/2015,17:00,25.1,0,0
2/20/2015,18:00,22.2,2.2,13
2/20/2015,19:00,22.1,0,14
2/20/2015,20:00,21.9,0.2,13
2/20/2015,21:00,21.7,0,13
2/20/2015,22:00,21.8,0,11
2/20/2015,23:00,21.7,0,13
2/21/2015,0:00,21.8,0,13
2/21/2015,1:00,21.4,0,15
2/21/2015,2:00,20.9,0,15
2/21/2015,3:00,21.1,0,15
2/21/2015,4:00,21.3,0,15
2/21/2015,5:00,21.1,0,15
2/21/2015,6:00,20.9,0,14
2/21/2015,7:00,20.9,0,14
2/21/2015,8:00,21.4,0,2
2/21/2015,9:00,22.5,0,0
2/21/2015,10:00,25.8,0,0
2/21/2015,11:00,26.5,0,0
2/21/2015,12:00,27.3,0,0
2/21/2015,13:00,27.8,0,0
2/21/2015,14:00,27.8,0,0
2/21/2015,15:00,27.4,0,0
2/21/2015,16:00,26.6,0,0
2/21/2015,17:00,26.4,0,0
2/21/2015,18:00,25.6,0,0
2/21/2015,19:00,23.6,1,10
2/21/2015,20:00,22.9,0,15
2/21/2015,21:00,22.6,0,14
2/21/2015,22:00,22.5,0,12
2/21/2015,23:00,22.4,0,15
2/22/2015,0:00,22.2,0.2,12
2/22/2015,1:00,22.2,0,12
2/22/2015,2:00,22.1,0,13
2/22/2015,3:00,21.8,0.2,10
2/22/2015,4:00,21.7,0.2,8
2/22/2015,5:00,21.2,0,6
2/22/2015,6:00,21.1,0,8
2/22/2015,7:00,21.1,0,9
2/22/2015,8:00,21.6,0,1
2/22/2015,9:00,22.8,0,0
2/22/2015,10:00,24.5,0,0
2/22/2015,11:00,26.1,0,0
2/22/2015,12:00,27.6,0,0
2/22/2015,13:00,26.1,0,0
2/22/2015,14:00,23.9,0.6,13
2/22/2015,15:00,23.8,2,10
2/22/2015,16:00,23.4,0.4,10
2/22/2015,17:00,23.3,0.8,9
2/22/2015,18:00,23.1,0,1
2/22/2015,19:00,23.1,0,2
2/22/2015,20:00,22.3,0,7
2/22/2015,21:00,21.8,0,12
2/22/2015,22:00,21.3,0,14
2/22/2015,23:00,21.2,0,15
2/23/2015,0:00,20.6,0,15
2/23/2015,1:00,20.3,0,15
2/23/2015,2:00,19.9,0,15
2/23/2015,3:00,20.2,0,15
2/23/2015,4:00,20,0,15
2/23/2015,5:00,19.4,0,15
2/23/2015,6:00,19.4,0,15
2/23/2015,7:00,19.6,0,15
2/23/2015,8:00,20.9,0,4
2/23/2015,9:00,21.7,0,0
2/23/2015,10:00,23.3,0,0
2/23/2015,11:00,26.2,0,0
2/23/2015,12:00,27.3,0,0
2/23/2015,13:00,28,0,0
2/23/2015,14:00,29.3,0,0
2/23/2015,15:00,28.9,0,0
2/23/2015,16:00,29.3,0,0
2/23/2015,17:00,28.4,0,0
2/23/2015,18:00,28.3,0,0
2/23/2015,19:00,26.4,0,0
2/23/2015,20:00,24.6,0,0
2/23/2015,21:00,24.2,0,0
2/23/2015,22:00,24.2,0,0
2/23/2015,23:00,23.7,0,0
2/24/2015,0:00,23.6,0.8,11
2/24/2015,1:00,23.2,0.6,12
2/24/2015,2:00,22.8,0,12
2/24/2015,3:00,22.8,0,10
2/24/2015,4:00,22.1,0,8
2/24/2015,5:00,21.3,0,3
2/24/2015,6:00,21.1,0,3
2/24/2015,7:00,20.2,0,10
2/24/2015,8:00,20.8,0,0
2/24/2015,9:00,23.3,0,0
2/24/2015,10:00,26.3,0,0
2/24/2015,11:00,28.2,0,0
2/24/2015,12:00,29.3,0,0
2/24/2015,13:00,30.1,0,0
2/24/2015,14:00,30.6,0,0
2/24/2015,15:00,30.8,0,0
2/24/2015,16:00,30.8,0,0
2/24/2015,17:00,30.7,0,0
2/24/2015,18:00,30.1,0,0
2/24/2015,19:00,27.2,0,0
2/24/2015,20:00,25.3,0,0
2/24/2015,21:00,24.4,0,0
2/24/2015,22:00,22.6,0,1
2/24/2015,23:00,21.9,0,1
2/25/2015,0:00,21.4,0,1
2/25/2015,1:00,21.2,0,2
2/25/2015,2:00,20.1,0,2
2/25/2015,3:00,19.4,0,2
2/25/2015,4:00,18.8,0,2
2/25/2015,5:00,18.3,0,2
2/25/2015,6:00,18.4,0,3
2/25/2015,7:00,18.7,0.2,8
2/25/2015,8:00,22.8,0,4
2/25/2015,9:00,25.1,0,0
2/25/2015,10:00,27.8,0,0
2/25/2015,11:00,29.6,0,0
2/25/2015,12:00,30.6,0,0
2/25/2015,13:00,31.6,0,0
2/25/2015,14:00,31.8,0,0
2/25/2015,15:00,32.5,0,0
2/25/2015,16:00,32.8,0,0
2/25/2015,17:00,32.5,0,0
2/25/2015,18:00,30.9,0,0
2/25/2015,19:00,28.2,0,0
2/25/2015,20:00,26.6,0,0
2/25/2015,21:00,25.4,0,0
2/25/2015,22:00,23.8,0,1
2/25/2015,23:00,24.2,0,0
2/26/2015,0:00,24,0,15
2/26/2015,1:00,21.5,16.6,5
2/26/2015,2:00,21.3,2.4,13
2/26/2015,3:00,21.2,0,13
2/26/2015,4:00,21.1,0,12
2/26/2015,5:00,21,0,13
2/26/2015,6:00,20.9,0,13
2/26/2015,7:00,20.8,0,15
2/26/2015,8:00,21.3,0,10
2/26/2015,9:00,21.9,0,1
2/26/2015,10:00,24.2,0.2,0
2/26/2015,11:00,25.4,0,0
2/26/2015,12:00,26.7,0,0
2/26/2015,13:00,28.2,0,0
2/26/2015,14:00,28.9,0,0
2/26/2015,15:00,29.8,0,0
2/26/2015,16:00,27.8,0,0
2/26/2015,17:00,25.4,0,0
2/26/2015,18:00,20.8,8.4,14
2/26/2015,19:00,20.7,1,13
2/26/2015,20:00,20.8,0.8,15
2/26/2015,21:00,20.8,0,14
2/26/2015,22:00,20.7,0.2,14
2/26/2015,23:00,20.6,0,14
2/27/2015,0:00,20.3,0,14
2/27/2015,1:00,20.3,0,15
2/27/2015,2:00,19.9,0,15
2/27/2015,3:00,19.6,0,15
2/27/2015,4:00,20,0,14
2/27/2015,5:00,20.2,0,14
2/27/2015,6:00,19.9,0,14
2/27/2015,7:00,20.2,0,12
2/27/2015,8:00,21,0,3
2/27/2015,9:00,21.7,0,1
2/27/2015,10:00,22.9,0,0
2/27/2015,11:00,24.4,0,0
2/27/2015,12:00,25.9,0,0
2/27/2015,13:00,27.6,0,0
2/27/2015,14:00,28.7,0,0
2/27/2015,15:00,29.7,0,0
2/27/2015,16:00,28.8,0,0
2/27/2015,17:00,29.1,0.4,0
2/27/2015,18:00,23.3,1.4,14
2/27/2015,19:00,23.3,0.2,13
2/27/2015,20:00,23.4,0,12
2/27/2015,21:00,23.2,0,12
2/27/2015,22:00,23.1,0,15
2/27/2015,23:00,22.4,0.6,14
2/28/2015,0:00,21.1,0,15
2/28/2015,1:00,20.1,0,15
2/28/2015,2:00,19.6,0,15
2/28/2015,3:00,18.9,0.2,15
2/28/2015,4:00,18.2,0,15
2/28/2015,5:00,17.9,0,15
2/28/2015,6:00,17.6,0,15
2/28/2015,7:00,17.7,0,15
2/28/2015,8:00,18.8,0,13
2/28/2015,9:00,20.9,0,0
2/28/2015,10:00,24.3,0,0
2/28/2015,11:00,25.3,0,0
2/28/2015,12:00,26.8,0,0
2/28/2015,13:00,26.9,0,0
2/28/2015,14:00,28,0,0
2/28/2015,15:00,28.2,0,0
2/28/2015,16:00,27.6,0,0
2/28/2015,17:00,26.7,0,0
2/28/2015,18:00,25.2,0,0
2/28/2015,19:00,23.9,0,0
2/28/2015,20:00,22.7,0,0
2/28/2015,21:00,21.6,0,0
2/28/2015,22:00,20.7,0,0
2/28/2015,23:00,20.1,0,0
3/1/2015,0:00,19.7,0,0
3/1/2015,1:00,18.5,0,1
3/1/2015,2:00,18,0,1
3/1/2015,3:00,17.7,0,1
3/1/2015,4:00,17.2,0,1
3/1/2015,5:00,16.7,0,2
3/1/2015,6:00,16.7,0,2
3/1/2015,7:00,16.7,0,2
3/1/2015,8:00,20.6,0,3
3/1/2015,9:00,23.8,0,0
3/1/2015,10:00,26.8,0,0
3/1/2015,11:00,28.9,0,0
3/1/2015,12:00,29.9,0,0
3/1/2015,13:00,31.2,0,0
3/1/2015,14:00,31.1,0,0
3/1/2015,15:00,30.6,0,0
3/1/2015,16:00,30.6,0,0
3/1/2015,17:00,30,0,0
3/1/2015,18:00,28.1,0,0
3/1/2015,19:00,26.2,0,0
3/1/2015,20:00,24.4,0,0
3/1/2015,21:00,22.2,0,1
3/1/2015,22:00,21.3,0,2
3/1/2015,23:00,20.9,0,2
3/2/2015,0:00,20.4,0,2
3/2/2015,1:00,20.5,0,2
3/2/2015,2:00,20.4,0,2
3/2/2015,3:00,20.5,0,3
3/2/2015,4:00,19.9,0,3
3/2/2015,5:00,19.7,0,3
3/2/2015,6:00,19.3,0,3
3/2/2015,7:00,19.7,0,3
3/2/2015,8:00,21.5,0,0
3/2/2015,9:00,26.1,0,0
3/2/2015,10:00,26.3,0,0
3/2/2015,11:00,27.8,0,0
3/2/2015,12:00,28.9,0,0
3/2/2015,13:00,29.2,0,0
3/2/2015,14:00,30.9,0,0
3/2/2015,15:00,31.6,0,0
3/2/2015,16:00,31.8,0,0
3/2/2015,17:00,32.9,0,0
3/2/2015,18:00,32.2,0,0
3/2/2015,19:00,27.3,0,0
3/2/2015,20:00,24.7,0,3
3/2/2015,21:00,23.4,0,3
3/2/2015,22:00,22.9,0,3
3/2/2015,23:00,22.9,0,3
3/3/2015,0:00,22.8,0,3
3/3/2015,1:00,22.8,0,3
3/3/2015,2:00,22.8,0,3
3/3/2015,3:00,22.6,0,3
3/3/2015,4:00,22.2,0,3
3/3/2015,5:00,21.9,0,10
3/3/2015,6:00,22,0,10
3/3/2015,7:00,21.3,0,10
3/3/2015,8:00,23.7,0,0
3/3/2015,9:00,27.8,0,0
3/3/2015,10:00,30.2,0,0
3/3/2015,11:00,32.1,0,0
3/3/2015,12:00,31.9,0,0
3/3/2015,13:00,32.7,0,0
3/3/2015,14:00,32.9,0,0
3/3/2015,15:00,33.8,0,0
3/3/2015,16:00,34.1,0,0
3/3/2015,17:00,33.1,0,0
3/3/2015,18:00,31.7,0,0
3/3/2015,19:00,29.7,0,0
3/3/2015,20:00,27.3,0,0
3/3/2015,21:00,25.4,0,0
3/3/2015,22:00,24.2,0,0
3/3/2015,23:00,23.2,0,1
3/4/2015,0:00,22.2,0,4
3/4/2015,1:00,21.8,0,4
3/4/2015,2:00,21.7,0,4
3/4/2015,3:00,21.3,0,4
3/4/2015,4:00,21.1,0,6
3/4/2015,5:00,20.8,0,10
3/4/2015,6:00,21.2,0,11
3/4/2015,7:00,21.9,0,12
3/4/2015,8:00,24.9,0,0
3/4/2015,9:00,28.6,0,0
3/4/2015,10:00,30.8,0,0
3/4/2015,11:00,31.6,0,0
3/4/2015,12:00,32.5,0,0
3/4/2015,13:00,33.7,0,0
3/4/2015,14:00,34.5,0,0
3/4/2015,15:00,34.2,0,0
3/4/2015,16:00,33.1,0,0
3/4/2015,17:00,32.6,0,0
3/4/2015,18:00,30.3,0,0
3/4/2015,19:00,24.6,1,15
3/4/2015,20:00,23.7,2.2,14
3/4/2015,21:00,23.5,0.4,12
3/4/2015,22:00,23.2,0.6,15
3/4/2015,23:00,23.2,0.2,15
3/5/2015,0:00,23.2,0,15
3/5/2015,1:00,23.1,0,15
3/5/2015,2:00,23,0,15
3/5/2015,3:00,22.6,0,15
3/5/2015,4:00,22.6,0,15
3/5/2015,5:00,22.4,0,15
3/5/2015,6:00,21.9,0,15
3/5/2015,7:00,22.2,0,15
3/5/2015,8:00,22.9,0,6
3/5/2015,9:00,24.6,0,0
3/5/2015,10:00,27.3,0,0
3/5/2015,11:00,26.4,0,0
3/5/2015,12:00,26.7,0,0
3/5/2015,13:00,27.2,0,0
3/5/2015,14:00,29.5,0,0
3/5/2015,15:00,29.9,0,0
3/5/2015,16:00,29.3,0,0
3/5/2015,17:00,30.8,0,0
3/5/2015,18:00,27.3,0,9
3/5/2015,19:00,26.8,0,0
3/5/2015,20:00,25.7,0,0
3/5/2015,21:00,24.9,0,0
3/5/2015,22:00,23.8,0,7
3/5/2015,23:00,23.4,0,9
3/6/2015,0:00,22.8,0,9
3/6/2015,1:00,22.7,0,10
3/6/2015,2:00,22.2,0,11
3/6/2015,3:00,22.2,0,11
3/6/2015,4:00,22.5,0,13
3/6/2015,5:00,21.8,0,13
3/6/2015,6:00,22.1,0,13
3/6/2015,7:00,22.2,0,13
3/6/2015,8:00,23.2,0,0
3/6/2015,9:00,23.9,0,0
3/6/2015,10:00,24.7,0,0
3/6/2015,11:00,26.9,0,0
3/6/2015,12:00,27.6,0,0
3/6/2015,13:00,27.4,0,0
3/6/2015,14:00,28.2,0,0
3/6/2015,15:00,28.2,0,0
3/6/2015,16:00,29.1,0,0
3/6/2015,17:00,28.6,0,0
3/6/2015,18:00,27.4,0,0
3/6/2015,19:00,25.3,0,0
3/6/2015,20:00,24.2,0,0
3/6/2015,21:00,23.4,0,0
3/6/2015,22:00,22.8,0,0
3/6/2015,23:00,21.7,0,3
3/7/2015,0:00,20.3,0,12
3/7/2015,1:00,19.6,0,13
3/7/2015,2:00,20,0,13
3/7/2015,3:00,19.7,0,14
3/7/2015,4:00,18.6,0,14
3/7/2015,5:00,18,0,15
3/7/2015,6:00,17.8,0,15
3/7/2015,7:00,18.3,0,15
3/7/2015,8:00,19.2,0,15
3/7/2015,9:00,20.5,0,15
3/7/2015,10:00,23.6,0,0
3/7/2015,11:00,25.8,0,0
3/7/2015,12:00,27.4,0,0
3/7/2015,13:00,27.4,0,0
3/7/2015,14:00,28.9,0,0
3/7/2015,15:00,28.4,0,0
3/7/2015,16:00,28.6,0,0
3/7/2015,17:00,27.7,0,0
3/7/2015,18:00,27.2,0,0
3/7/2015,19:00,24.7,0,0
3/7/2015,20:00,22.5,0,0
3/7/2015,21:00,20.4,0,2
3/7/2015,22:00,19.8,0,4
3/7/2015,23:00,18.8,0,4
3/8/2015,0:00,18.3,0,4
3/8/2015,1:00,17.6,0,6
3/8/2015,2:00,16.3,0,9
3/8/2015,3:00,16.8,0,13
3/8/2015,4:00,17.1,0,15
3/8/2015,5:00,16.7,0,15
3/8/2015,6:00,16.6,0,15
3/8/2015,7:00,17.8,0,15
3/8/2015,8:00,21.2,0,0
3/8/2015,9:00,24.8,0,0
3/8/2015,10:00,27,0,0
3/8/2015,11:00,28.7,0,0
3/8/2015,12:00,30.2,0,0
3/8/2015,13:00,31,0,0
3/8/2015,14:00,31.1,0,0
3/8/2015,15:00,31.4,0,0
3/8/2015,16:00,31.1,0,0
3/8/2015,17:00,29.2,0,0
3/8/2015,18:00,27.2,0,0
3/8/2015,19:00,25.8,0,0
3/8/2015,20:00,24.8,0,0
3/8/2015,21:00,23.7,0,3
3/8/2015,22:00,22.8,0,3
3/8/2015,23:00,22.2,0,4
3/9/2015,0:00,21.4,0,4
3/9/2015,1:00,21,0,4
3/9/2015,2:00,20.9,0,4
3/9/2015,3:00,20.9,0,4
3/9/2015,4:00,20.9,0,7
3/9/2015,5:00,21.2,0,7
3/9/2015,6:00,21.1,0,9
3/9/2015,7:00,21.6,0,12
3/9/2015,8:00,23,0,10
3/9/2015,9:00,25.3,0,0
3/9/2015,10:00,27.6,0,0
3/9/2015,11:00,29.2,0,0
3/9/2015,12:00,30.3,0,0
3/9/2015,13:00,30.8,0,0
3/9/2015,14:00,29.9,0,0
3/9/2015,15:00,28.5,0,0
3/9/2015,16:00,25.5,3.8,15
3/9/2015,17:00,26.4,0.6,2
3/9/2015,18:00,25.2,0,0
3/9/2015,19:00,23.5,0,6
3/9/2015,20:00,23.7,0,3
3/9/2015,21:00,23.2,0,1
3/9/2015,22:00,22.9,0,0
3/9/2015,23:00,22.8,0,2
3/10/2015,0:00,22.1,0,11
3/10/2015,1:00,22.4,0,13
3/10/2015,2:00,22.4,0.6,15
3/10/2015,3:00,22.4,0,15
3/10/2015,4:00,22.3,0,15
3/10/2015,5:00,22.4,0,15
3/10/2015,6:00,22.4,0,15
3/10/2015,7:00,22.8,0,2
3/10/2015,8:00,23.3,0,0
3/10/2015,9:00,23.9,0.2,15
3/10/2015,10:00,24.3,0.2,3
3/10/2015,11:00,23.3,13.8,15
3/10/2015,12:00,23.4,5,14
3/10/2015,13:00,22.4,0.8,12
3/10/2015,14:00,23.4,1.2,1
3/10/2015,15:00,24.5,0,1
3/10/2015,16:00,25.3,0.2,2
3/10/2015,17:00,25.2,0,0
3/10/2015,18:00,23.8,0,0
3/10/2015,19:00,22.6,0,2
3/10/2015,20:00,22.3,0,3
3/10/2015,21:00,22,0,0
3/10/2015,22:00,20.8,0,13
3/10/2015,23:00,21,0,15
3/11/2015,0:00,19.6,0,15
3/11/2015,1:00,20.3,0,15
3/11/2015,2:00,20.7,0,15
3/11/2015,3:00,21.3,0,15
3/11/2015,4:00,21.3,0,15
3/11/2015,5:00,21,0.6,12
3/11/2015,6:00,20.8,0,14
3/11/2015,7:00,21.6,0.4,15
3/11/2015,8:00,22.9,0,0
3/11/2015,9:00,24.3,0,0
3/11/2015,10:00,25.5,0,0
3/11/2015,11:00,27.8,0.2,0
3/11/2015,12:00,28.6,0,0
3/11/2015,13:00,29.1,0,0
3/11/2015,14:00,29,0,0
3/11/2015,15:00,28.5,0,0
3/11/2015,16:00,28.4,0,0
3/11/2015,17:00,27.3,0,0
3/11/2015,18:00,24.9,0,0
3/11/2015,19:00,23.1,0,0
3/11/2015,20:00,21.6,0,3
3/11/2015,21:00,20.4,0,7
3/11/2015,22:00,20.1,0,8
3/11/2015,23:00,20.1,0,9
3/12/2015,0:00,20.1,0,9
3/12/2015,1:00,19,0,10
3/12/2015,2:00,19.4,0,12
3/12/2015,3:00,18.9,0,15
3/12/2015,4:00,18.8,0,15
3/12/2015,5:00,19.1,0,15
3/12/2015,6:00,18.8,0,15
3/12/2015,7:00,19.4,0,15
3/12/2015,8:00,21.9,0,15
3/12/2015,9:00,25.3,0,0
3/12/2015,10:00,26.2,0,0
3/12/2015,11:00,28.2,0,0
3/12/2015,12:00,28.8,0,0
3/12/2015,13:00,29.7,0,0
3/12/2015,14:00,29.9,0,0
3/12/2015,15:00,29.4,0,0
3/12/2015,16:00,28.6,0,0
3/12/2015,17:00,27.1,0,0
3/12/2015,18:00,25.5,0,0
3/12/2015,19:00,23.8,0,0
3/12/2015,20:00,22.7,0,0
3/12/2015,21:00,21.8,0,1
3/12/2015,22:00,20.7,0,12
3/12/2015,23:00,19.9,0,15
3/13/2015,0:00,19.5,0,15
3/13/2015,1:00,19,0,15
3/13/2015,2:00,19.1,0,15
3/13/2015,3:00,18.8,0,15
3/13/2015,4:00,18.6,0,15
3/13/2015,5:00,17.8,0,15
3/13/2015,6:00,17.8,0,15
3/13/2015,7:00,19.9,0,15
3/13/2015,8:00,23.1,0,0
3/13/2015,9:00,25.4,0,0
3/13/2015,10:00,26.8,0,0
3/13/2015,11:00,28.2,0,0
3/13/2015,12:00,29.2,0,0
3/13/2015,13:00,30.1,0,0
3/13/2015,14:00,30.9,0,0
3/13/2015,15:00,30.9,0,0
3/13/2015,16:00,30.6,0,0
3/13/2015,17:00,29.7,0,0
3/13/2015,18:00,26.8,0,0
3/13/2015,19:00,25.3,0,0
3/13/2015,20:00,24.1,0,1
3/13/2015,21:00,22.8,0,11
3/13/2015,22:00,21.9,0,15
3/13/2015,23:00,21,0,15
3/14/2015,0:00,20.4,0,15
3/14/2015,1:00,20.1,0,15
3/14/2015,2:00,20.3,0,15
3/14/2015,3:00,20.8,0,15
3/14/2015,4:00,21.2,0,15
3/14/2015,5:00,21.2,0,15
3/14/2015,6:00,21,0,15
3/14/2015,7:00,21.1,0,15
3/14/2015,8:00,21.5,0,15
3/14/2015,9:00,23.2,0,1
3/14/2015,10:00,26.1,0,0
3/14/2015,11:00,28.3,0,0
3/14/2015,12:00,30.6,0,0
3/14/2015,13:00,31.7,0,0
3/14/2015,14:00,32.2,0,0
3/14/2015,15:00,31,0,0
3/14/2015,16:00,31.5,0,0
3/14/2015,17:00,31.3,0,0
3/14/2015,18:00,28.3,0,0
3/14/2015,19:00,26.1,0,0
3/14/2015,20:00,25.2,0,0
3/14/2015,21:00,24.3,0,4
3/14/2015,22:00,23.6,0,10
3/14/2015,23:00,23.6,0,12
3/15/2015,0:00,22.9,0,12
3/15/2015,1:00,22.2,0,14
3/15/2015,2:00,21.7,0,15
3/15/2015,3:00,20.9,0,15
3/15/2015,4:00,21.3,0,15
3/15/2015,5:00,21.3,0,15
3/15/2015,6:00,21.3,0,15
3/15/2015,7:00,21.9,0,15
3/15/2015,8:00,22.8,0,15
3/15/2015,9:00,24.2,0,13
3/15/2015,10:00,26.1,0,0
3/15/2015,11:00,27.6,0,0
3/15/2015,12:00,29.7,0,0
3/15/2015,13:00,30.9,0,0
3/15/2015,14:00,30.9,0,0
3/15/2015,15:00,31.3,0,0
3/15/2015,16:00,29.9,0,0
3/15/2015,17:00,28.4,0,0
3/15/2015,18:00,27,0,0
3/15/2015,19:00,25.2,0,0
3/15/2015,20:00,24,0,3
3/15/2015,21:00,24.1,0,13
3/15/2015,22:00,24.3,0,6
3/15/2015,23:00,23.4,0,12
3/16/2015,0:00,23.4,0,15
3/16/2015,1:00,23.6,0,15
3/16/2015,2:00,23.6,0,15
3/16/2015,3:00,23.2,0,15
3/16/2015,4:00,22.2,0,15
3/16/2015,5:00,22.7,0,15
3/16/2015,6:00,22.9,0,15
3/16/2015,7:00,23.7,0,15
3/16/2015,8:00,24.9,0,0
3/16/2015,9:00,26.6,0,0
3/16/2015,10:00,28.1,0,0
3/16/2015,11:00,29.8,0,0
3/16/2015,12:00,29.8,0,0
3/16/2015,13:00,30.1,0,0
3/16/2015,14:00,30.1,0,0
3/16/2015,15:00,29.6,0,0
3/16/2015,16:00,29.3,0,0
3/16/2015,17:00,28.3,0,0
3/16/2015,18:00,25.9,0,0
3/16/2015,19:00,24.7,0,0
3/16/2015,20:00,23.7,0,0
3/16/2015,21:00,21.8,0,2
3/16/2015,22:00,20.4,0,14
3/16/2015,23:00,19.3,0,15
3/17/2015,0:00,18.5,0,15
3/17/2015,1:00,17.7,0,15
3/17/2015,2:00,17.3,0,15
3/17/2015,3:00,16.7,0,15
3/17/2015,4:00,17.3,0.2,15
3/17/2015,5:00,17.8,0,15
3/17/2015,6:00,17.5,0,15
3/17/2015,7:00,18.1,0,15
3/17/2015,8:00,21.1,0,0
3/17/2015,9:00,24,0,0
3/17/2015,10:00,25.7,0,0
3/17/2015,11:00,27.3,0,0
3/17/2015,12:00,28.6,0,0
3/17/2015,13:00,29.2,0,0
3/17/2015,14:00,29.7,0,0
3/17/2015,15:00,29.6,0,0
3/17/2015,16:00,29.1,0,0
3/17/2015,17:00,26.8,0,0
3/17/2015,18:00,25,0,0
3/17/2015,19:00,23.4,0,0
3/17/2015,20:00,21.4,0,0
3/17/2015,21:00,21,0,0
3/17/2015,22:00,19.9,0,1
3/17/2015,23:00,18.3,0,7
3/18/2015,0:00,17.7,0,9
3/18/2015,1:00,17.2,0,11
3/18/2015,2:00,16.3,0,12
3/18/2015,3:00,15.8,0,13
3/18/2015,4:00,15.7,0,15
3/18/2015,5:00,16.4,0,15
3/18/2015,6:00,16.8,0.2,15
3/18/2015,7:00,17.6,0,15
3/18/2015,8:00,20.3,0,15
3/18/2015,9:00,23.1,0,0
3/18/2015,10:00,26.2,0,0
3/18/2015,11:00,27.9,0,0
3/18/2015,12:00,28.8,0,0
3/18/2015,13:00,29.3,0,0
3/18/2015,14:00,29.8,0,0
3/18/2015,15:00,29.8,0,0
3/18/2015,16:00,29.5,0,0
3/18/2015,17:00,27.8,0,0
3/18/2015,18:00,25.3,0,0
3/18/2015,19:00,23.9,0,0
3/18/2015,20:00,22.7,0,0
3/18/2015,21:00,21.6,0,0
3/18/2015,22:00,20,0,0
3/18/2015,23:00,18.4,0,8
3/19/2015,0:00,18.2,0,9
3/19/2015,1:00,17.2,0,10
3/19/2015,2:00,16.8,0,11
3/19/2015,3:00,16.4,0,12
3/19/2015,4:00,15.9,0,13
3/19/2015,5:00,15.3,0,15
3/19/2015,6:00,14.8,0,15
3/19/2015,7:00,17.2,0,15
3/19/2015,8:00,20.7,0,0
3/19/2015,9:00,24.7,0,0
3/19/2015,10:00,27.4,0,0
3/19/2015,11:00,28.7,0,0
3/19/2015,12:00,30.1,0,0
3/19/2015,13:00,30.4,0,0
3/19/2015,14:00,30.6,0,0
3/19/2015,15:00,30.4,0,0
3/19/2015,16:00,30.2,0,0
3/19/2015,17:00,29.1,0,0
3/19/2015,18:00,24.3,0,0
3/19/2015,19:00,23.5,0,0
3/19/2015,20:00,20.8,0,1
3/19/2015,21:00,19.3,0,6
3/19/2015,22:00,18.4,0,11
3/19/2015,23:00,17.7,0,12
3/20/2015,0:00,17.3,0,14
3/20/2015,1:00,17.4,0,14
3/20/2015,2:00,16.8,0,15
3/20/2015,3:00,15.9,0,15
3/20/2015,4:00,15.2,0,15
3/20/2015,5:00,15,0,15
3/20/2015,6:00,14.8,0,15
3/20/2015,7:00,16.9,0,15
3/20/2015,8:00,20.4,0,15
3/20/2015,9:00,25.2,0,0
3/20/2015,10:00,28.5,0,0
3/20/2015,11:00,30.6,0,0
3/20/2015,12:00,32.3,0,0
3/20/2015,13:00,33.4,0,0
3/20/2015,14:00,34.2,0,0
3/20/2015,15:00,34.1,0,0
3/20/2015,16:00,34.4,0,0
3/20/2015,17:00,32.3,0,0
3/20/2015,18:00,24.5,0,0
3/20/2015,19:00,22.9,0,1
3/20/2015,20:00,22.8,0,3
3/20/2015,21:00,24.9,0,0
3/20/2015,22:00,24,0,0
3/20/2015,23:00,22.4,0,0
3/21/2015,0:00,21.7,0,0
3/21/2015,1:00,21.4,0,0
3/21/2015,2:00,21.7,0,0
3/21/2015,3:00,21.4,0,3
3/21/2015,4:00,21.2,0,0
3/21/2015,5:00,21.3,0,1
3/21/2015,6:00,21.3,0,15
3/21/2015,7:00,21.8,0,15
3/21/2015,8:00,22.9,0,0
3/21/2015,9:00,25.2,0,0
3/21/2015,10:00,26.3,0,0
3/21/2015,11:00,27.3,0,0
3/21/2015,12:00,27.8,0,2
3/21/2015,13:00,25.4,0,15
3/21/2015,14:00,24.7,0.2,0
3/21/2015,15:00,24.1,0,0
3/21/2015,16:00,22.6,0,0
3/21/2015,17:00,21.8,0,0
3/21/2015,18:00,20.4,0.2,15
3/21/2015,19:00,19.5,0,1
3/21/2015,20:00,19.6,0,0
3/21/2015,21:00,19.4,0,0
3/21/2015,22:00,19.1,0,0
3/21/2015,23:00,18.3,0,0
3/22/2015,0:00,16.9,0,0
3/22/2015,1:00,16.8,0,0
3/22/2015,2:00,16.8,0,0
3/22/2015,3:00,15.6,0,0
3/22/2015,4:00,15.5,0,0
3/22/2015,5:00,14.9,0,1
3/22/2015,6:00,12.9,0,15
3/22/2015,7:00,15,0,15
3/22/2015,8:00,18.4,0,0
3/22/2015,9:00,20.4,0,0
3/22/2015,10:00,22.1,0,0
3/22/2015,11:00,23.1,0,0
3/22/2015,12:00,23.7,0,0
3/22/2015,13:00,24.1,0,0
3/22/2015,14:00,23.9,0,0
3/22/2015,15:00,23.8,0,0
3/22/2015,16:00,24,0,0
3/22/2015,17:00,23.2,0,0
3/22/2015,18:00,21.4,0,0
3/22/2015,19:00,20.2,0,0
3/22/2015,20:00,18.8,0,0
3/22/2015,21:00,18.4,0,0
3/22/2015,22:00,18.8,0,0
3/22/2015,23:00,16.8,0,1
3/23/2015,0:00,15.3,0,15
3/23/2015,1:00,14.9,0,15
3/23/2015,2:00,15.2,0,15
3/23/2015,3:00,15.2,0,15
3/23/2015,4:00,15.2,0,15
3/23/2015,5:00,14.3,0,15
3/23/2015,6:00,14.3,0,15
3/23/2015,7:00,15.7,0,15
3/23/2015,8:00,17.7,0,15
3/23/2015,9:00,21.7,0,0
3/23/2015,10:00,23.6,0,0
3/23/2015,11:00,25.7,0,0
3/23/2015,12:00,25.9,0,0
3/23/2015,13:00,26.1,0,0
3/23/2015,14:00,26.8,0,0
3/23/2015,15:00,25.6,0,0
3/23/2015,16:00,27,0,0
3/23/2015,17:00,24.5,0,10
3/23/2015,18:00,22.5,0,0
3/23/2015,19:00,20.8,0,0
3/23/2015,20:00,20.3,0,0
3/23/2015,21:00,19.6,0,1
3/23/2015,22:00,18.2,0,13
3/23/2015,23:00,17.2,0,14
3/24/2015,0:00,16.7,0,15
3/24/2015,1:00,16,0,15
3/24/2015,2:00,15.9,0,15
3/24/2015,3:00,15.3,0,15
3/24/2015,4:00,16.3,0,15
3/24/2015,5:00,16.9,0,15
3/24/2015,6:00,17.1,0,15
3/24/2015,7:00,17.7,0,15
3/24/2015,8:00,18.7,0,0
3/24/2015,9:00,22.6,0,0
3/24/2015,10:00,25.3,0,0
3/24/2015,11:00,27.4,0,0
3/24/2015,12:00,28.9,0,0
3/24/2015,13:00,29.9,0,0
3/24/2015,14:00,29.8,0,0
3/24/2015,15:00,29.6,0,0
3/24/2015,16:00,29.1,0,0
3/24/2015,17:00,27.6,0,0
3/24/2015,18:00,25.2,0,0
3/24/2015,19:00,23.9,0,0
3/24/2015,20:00,22.6,0,0
3/24/2015,21:00,20.7,0,1
3/24/2015,22:00,19.7,0,8
3/24/2015,23:00,19.1,0,10
3/25/2015,0:00,18.6,0,10
3/25/2015,1:00,18.4,0,11
3/25/2015,2:00,18.1,0,12
3/25/2015,3:00,17.6,0,12
3/25/2015,4:00,17.4,0,14
3/25/2015,5:00,16.8,0,15
3/25/2015,6:00,17.2,0,15
3/25/2015,7:00,18.1,0,15
3/25/2015,8:00,21.2,0,15
3/25/2015,9:00,26.2,0,0
3/25/2015,10:00,29.2,0,0
3/25/2015,11:00,31.2,0,0
3/25/2015,12:00,32.6,0,0
3/25/2015,13:00,34.2,0,0
3/25/2015,14:00,33.3,0,0
3/25/2015,15:00,32.1,0,0
3/25/2015,16:00,31.2,0,0
3/25/2015,17:00,28.8,0,0
3/25/2015,18:00,26.7,0,0
3/25/2015,19:00,24.4,0,0
3/25/2015,20:00,23.1,0,2
3/25/2015,21:00,22.3,0,6
3/25/2015,22:00,22.3,0,9
3/25/2015,23:00,21.8,0,12
3/26/2015,0:00,21.8,0,13
3/26/2015,1:00,21.6,0,13
3/26/2015,2:00,21.2,0,14
3/26/2015,3:00,20.7,0,14
3/26/2015,4:00,20.1,0,14
3/26/2015,5:00,19.4,0,15
3/26/2015,6:00,19.2,0,15
3/26/2015,7:00,20.3,0,15
3/26/2015,8:00,21.5,0,15
3/26/2015,9:00,22.3,0,0
3/26/2015,10:00,22.6,0,3
3/26/2015,11:00,22.7,0,0
3/26/2015,12:00,22.3,0,0
3/26/2015,13:00,22.2,0,0
3/26/2015,14:00,21.1,0.2,15
3/26/2015,15:00,20.8,0,10
3/26/2015,16:00,20.6,0.2,15
3/26/2015,17:00,20.3,0.4,15
3/26/2015,18:00,19.7,0.4,15
3/26/2015,19:00,19.6,0.8,14
3/26/2015,20:00,19.2,0.8,15
3/26/2015,21:00,18.4,0.4,15
3/26/2015,22:00,17.7,0.6,15
3/26/2015,23:00,17.8,0,15
3/27/2015,0:00,17.7,0,15
3/27/2015,1:00,17.8,0,14
3/27/2015,2:00,17.9,0,15
3/27/2015,3:00,17.9,0,15
3/27/2015,4:00,18,0,15
3/27/2015,5:00,18.1,0,15
3/27/2015,6:00,18.1,0,15
3/27/2015,7:00,18.5,0,15
3/27/2015,8:00,18.8,0,7
3/27/2015,9:00,19.3,0,0
3/27/2015,10:00,19.8,0,0
3/27/2015,11:00,20.1,0,0
3/27/2015,12:00,21.2,0,0
3/27/2015,13:00,23.8,0,0
3/27/2015,14:00,24.4,0,0
3/27/2015,15:00,23.2,0,0
3/27/2015,16:00,23.8,0,0
3/27/2015,17:00,23.4,0,0
3/27/2015,18:00,21.7,0,1
3/27/2015,19:00,20.6,0,1
3/27/2015,20:00,20.6,0,0
3/27/2015,21:00,19.8,0,5
3/27/2015,22:00,19.2,0,13
3/27/2015,23:00,17.9,0,13
3/28/2015,0:00,17.2,0,13
3/28/2015,1:00,16.7,0,14
3/28/2015,2:00,16.4,0,15
3/28/2015,3:00,15.9,0,15
3/28/2015,4:00,15.7,0,15
3/28/2015,5:00,15.7,0,15
3/28/2015,6:00,16.1,0.2,15
3/28/2015,7:00,17,0,15
3/28/2015,8:00,17.6,0,15
3/28/2015,9:00,19.4,0,12
3/28/2015,10:00,21.8,0,0
3/28/2015,11:00,24.2,0,0
3/28/2015,12:00,24.7,0,0
3/28/2015,13:00,26.3,0,0
3/28/2015,14:00,25.3,0,0
3/28/2015,15:00,24.7,0,0
3/28/2015,16:00,24.1,0,0
3/28/2015,17:00,23,0,0
3/28/2015,18:00,22,0,0
3/28/2015,19:00,21.3,0,0
3/28/2015,20:00,20.6,0,0
3/28/2015,21:00,20.5,0,0
3/28/2015,22:00,20.3,0,0
3/28/2015,23:00,19.6,0,1
3/29/2015,0:00,19.1,0,3
3/29/2015,1:00,18.7,0,4
3/29/2015,2:00,18.5,0,5
3/29/2015,3:00,17.2,0,5
3/29/2015,4:00,17.9,0,7
3/29/2015,5:00,18.3,0,8
3/29/2015,6:00,18.6,0,9
3/29/2015,7:00,19.2,0,10
3/29/2015,8:00,19.7,0,0
3/29/2015,9:00,21.2,0,0
3/29/2015,10:00,23.9,0,0
3/29/2015,11:00,25.9,0,0
3/29/2015,12:00,25.7,0,0
3/29/2015,13:00,26.7,0,0
3/29/2015,14:00,26.6,0,0
3/29/2015,15:00,26.8,0,0
3/29/2015,16:00,26.3,0,0
3/29/2015,17:00,25.2,0,0
3/29/2015,18:00,23.9,0,0
3/29/2015,19:00,23.2,0,0
3/29/2015,20:00,22.6,0,0
3/29/2015,21:00,22.2,0,0
3/29/2015,22:00,21.2,0.4,14
3/29/2015,23:00,20.1,1.2,11
3/30/2015,0:00,19.7,2.6,9
3/30/2015,1:00,19.5,0.6,6
3/30/2015,2:00,19.4,2.2,4
3/30/2015,3:00,19.3,0.2,11
3/30/2015,4:00,18.8,0,12
3/30/2015,5:00,18.1,0,13
3/30/2015,6:00,18.6,0,12
3/30/2015,7:00,19.2,0,10
3/30/2015,8:00,19.6,0,5
3/30/2015,9:00,20.4,0,15
3/30/2015,10:00,22.4,0,0
3/30/2015,11:00,23.8,0.2,0
3/30/2015,12:00,24,0,15
3/30/2015,13:00,25.6,0.2,0
3/30/2015,14:00,26.4,0,0
3/30/2015,15:00,26.1,0,0
3/30/2015,16:00,26.5,0,0
3/30/2015,17:00,25.1,0,0
3/30/2015,18:00,20.9,0,2
3/30/2015,19:00,19.4,0,7
3/30/2015,20:00,19,0,8
3/30/2015,21:00,18.5,0,10
3/30/2015,22:00,18.6,0,12
3/30/2015,23:00,18.4,0,14
3/31/2015,0:00,18.5,0,15
3/31/2015,1:00,18.2,0,15
3/31/2015,2:00,17.4,0,15
3/31/2015,3:00,16.5,0,15
3/31/2015,4:00,16.4,0,15
3/31/2015,5:00,16.2,0,15
3/31/2015,6:00,16.6,0,15
3/31/2015,7:00,18.6,0,15
3/31/2015,8:00,19.7,0,15
3/31/2015,9:00,21.9,0,0
3/31/2015,10:00,23.6,0,0
3/31/2015,11:00,25.2,0,0
3/31/2015,12:00,26.1,0,0
3/31/2015,13:00,27.3,0,0
3/31/2015,14:00,27.1,0,0
3/31/2015,15:00,27,0,0
3/31/2015,16:00,27.1,0,0
3/31/2015,17:00,26.8,0,0
3/31/2015,18:00,21.1,0,1
3/31/2015,19:00,19.8,0,7
3/31/2015,20:00,19.6,0,8
3/31/2015,21:00,18.9,0,8
3/31/2015,22:00,18.6,0,8
3/31/2015,23:00,18.2,0,9
4/1/2015,0:00,18.2,0,10
4/1/2015,1:00,17.8,0,11
4/1/2015,2:00,17.8,0,13
4/1/2015,3:00,17.3,0,13
4/1/2015,4:00,16.9,0,14
4/1/2015,5:00,16.7,0,14
4/1/2015,6:00,16,0.2,15
4/1/2015,7:00,17.3,0,15
4/1/2015,8:00,19.9,0,15
4/1/2015,9:00,22.3,0,0
4/1/2015,10:00,24.2,0,0
4/1/2015,11:00,28.2,0,0
4/1/2015,12:00,27.1,0,0
4/1/2015,13:00,27.4,0,0
4/1/2015,14:00,27,0,0
4/1/2015,15:00,26.9,0,0
4/1/2015,16:00,28,0,0
4/1/2015,17:00,25.6,0,0
4/1/2015,18:00,20.3,0,1
4/1/2015,19:00,19.3,0,0
4/1/2015,20:00,18.2,0,1
4/1/2015,21:00,16.8,0,4
4/1/2015,22:00,16.3,0,5
4/1/2015,23:00,15.5,0,7
4/2/2015,0:00,14.8,0,9
4/2/2015,1:00,14.3,0,8
4/2/2015,2:00,13.8,0,9
4/2/2015,3:00,13.8,0,15
4/2/2015,4:00,14.2,0,15
4/2/2015,5:00,13.9,0,15
4/2/2015,6:00,12.9,0.2,15
4/2/2015,7:00,13.5,0,15
4/2/2015,8:00,16.8,0,15
4/2/2015,9:00,21.3,0,0
4/2/2015,10:00,24.6,0,0
4/2/2015,11:00,26.7,0,0
4/2/2015,12:00,27.2,0,0
4/2/2015,13:00,29,0,0
4/2/2015,14:00,29,0,0
4/2/2015,15:00,28.6,0,0
4/2/2015,16:00,29.1,0,0
4/2/2015,17:00,25.8,0,0
4/2/2015,18:00,19.8,0,0
4/2/2015,19:00,17.9,0,3
4/2/2015,20:00,17,0,8
4/2/2015,21:00,16.6,0,10
4/2/2015,22:00,16.2,0,11
4/2/2015,23:00,15,0,13
4/3/2015,0:00,14.6,0,15
4/3/2015,1:00,14.2,0,15
4/3/2015,2:00,14.5,0,15
4/3/2015,3:00,13.9,0,15
4/3/2015,4:00,12.7,0,15
4/3/2015,5:00,12.3,0,15
4/3/2015,6:00,12.1,0,15
4/3/2015,7:00,13.2,0,15
4/3/2015,8:00,17.8,0,15
4/3/2015,9:00,24.1,0,0
4/3/2015,10:00,27.8,0,0
4/3/2015,11:00,29.8,0,0
4/3/2015,12:00,31.4,0,0
4/3/2015,13:00,32.6,0,0
4/3/2015,14:00,31.8,0,0
4/3/2015,15:00,31.1,0,0
4/3/2015,16:00,31.1,0,0
4/3/2015,17:00,28.8,0,0
4/3/2015,18:00,23.4,0,0
4/3/2015,19:00,21.4,0,1
4/3/2015,20:00,20.5,0,8
4/3/2015,21:00,19.7,0,12
4/3/2015,22:00,19.6,0,12
4/3/2015,23:00,19.2,0,12
4/4/2015,0:00,18.4,0,12
4/4/2015,1:00,18.5,0,12
4/4/2015,2:00,17.7,0,12
4/4/2015,3:00,17.2,0,13
4/4/2015,4:00,17.6,0,15
4/4/2015,5:00,17.3,0.2,15
4/4/2015,6:00,17.1,0,15
4/4/2015,7:00,19.1,0,15
4/4/2015,8:00,22.2,0,15
4/4/2015,9:00,26.3,0,0
4/4/2015,10:00,28.9,0,0
4/4/2015,11:00,30.4,0,0
4/4/2015,12:00,30.7,0,0
4/4/2015,13:00,31.9,0,0
4/4/2015,14:00,31.7,0,0
4/4/2015,15:00,31.1,0,0
4/4/2015,16:00,30,0,0
4/4/2015,17:00,26.9,0,0
4/4/2015,18:00,23.8,0,0
4/4/2015,19:00,22.9,0,5
4/4/2015,20:00,22,0,13
4/4/2015,21:00,20.9,0,14
4/4/2015,22:00,21.1,0,14
4/4/2015,23:00,20.7,0,15
4/5/2015,0:00,20.7,0,15
4/5/2015,1:00,20.2,0,15
4/5/2015,2:00,21.6,0,15
4/5/2015,3:00,21.3,0.2,15
4/5/2015,4:00,21.2,0.2,15
4/5/2015,5:00,20.8,0.6,12
4/5/2015,6:00,20.5,0.4,14
4/5/2015,7:00,20.8,0.2,14
4/5/2015,8:00,20.9,1.8,10
4/5/2015,9:00,21.4,1.4,11
4/5/2015,10:00,21.3,1.2,12
4/5/2015,11:00,21.1,1.4,13
4/5/2015,12:00,21.1,0.8,15
4/5/2015,13:00,21.1,2.2,12
4/5/2015,14:00,20.7,1.8,11
4/5/2015,15:00,20.2,4,9
4/5/2015,16:00,19.8,3.6,11
4/5/2015,17:00,19.4,1,10
4/5/2015,18:00,19.1,0.4,13
4/5/2015,19:00,18.8,0,12
4/5/2015,20:00,18.7,0,15
4/5/2015,21:00,18.4,0.2,15
4/5/2015,22:00,18.6,2.8,15
4/5/2015,23:00,18.7,7.8,15
4/6/2015,0:00,19.8,1.4,15
4/6/2015,1:00,19.7,0,15
4/6/2015,2:00,19.8,0.4,15
4/6/2015,3:00,19.6,0.4,15
4/6/2015,4:00,19.3,0.4,15
4/6/2015,5:00,19,0,15
4/6/2015,6:00,18.2,0,15
4/6/2015,7:00,18.6,0,15
4/6/2015,8:00,19.8,0,0
4/6/2015,9:00,21.6,0,0
4/6/2015,10:00,21.6,0.8,15
4/6/2015,11:00,22.3,0,0
4/6/2015,12:00,23.6,0,0
4/6/2015,13:00,24.1,0,0
4/6/2015,14:00,24.2,0,0
4/6/2015,15:00,23.6,0,0
4/6/2015,16:00,23,0,0
4/6/2015,17:00,21.7,0,0
4/6/2015,18:00,20,0,0
4/6/2015,19:00,19.7,0,0
4/6/2015,20:00,17.9,0,0
4/6/2015,21:00,16.5,0,3
4/6/2015,22:00,16.8,0,0
4/6/2015,23:00,16.7,0,2
4/7/2015,0:00,16.7,0,1
4/7/2015,1:00,15.8,0,15
4/7/2015,2:00,14.6,0,15
4/7/2015,3:00,13.8,0,15
4/7/2015,4:00,13.7,0,15
4/7/2015,5:00,13.4,0,15
4/7/2015,6:00,13.7,0,15
4/7/2015,7:00,14.3,0,15
4/7/2015,8:00,15.1,0,15
4/7/2015,9:00,19.1,0,0
4/7/2015,10:00,21.5,0,0
4/7/2015,11:00,22.2,0,0
4/7/2015,12:00,24.3,0,0
4/7/2015,13:00,24.6,0,0
4/7/2015,14:00,24.1,0,0
4/7/2015,15:00,24.1,0,0
4/7/2015,16:00,23.9,0,0
4/7/2015,17:00,22.4,0,0
4/7/2015,18:00,18.6,0,0
4/7/2015,19:00,17.1,0,0
4/7/2015,20:00,16.6,0,0
4/7/2015,21:00,15.1,0,1
4/7/2015,22:00,14.3,0,14
4/7/2015,23:00,14.1,0,15
4/8/2015,0:00,13.6,0,15
4/8/2015,1:00,12.8,0,15
4/8/2015,2:00,12.8,0,15
4/8/2015,3:00,12.5,0,15
4/8/2015,4:00,11.9,0,15
4/8/2015,5:00,11.2,0,15
4/8/2015,6:00,10.8,0,15
4/8/2015,7:00,12,0,15
4/8/2015,8:00,14.6,0,15
4/8/2015,9:00,19.9,0,0
4/8/2015,10:00,23.7,0,0
4/8/2015,11:00,25.4,0,0
4/8/2015,12:00,26.4,0,0
4/8/2015,13:00,27.3,0,0
4/8/2015,14:00,26.6,0,0
4/8/2015,15:00,26.7,0,0
4/8/2015,16:00,26.2,0,0
4/8/2015,17:00,23.4,0,0
4/8/2015,18:00,19.4,0,2
4/8/2015,19:00,17.7,0,11
4/8/2015,20:00,16.9,0,15
4/8/2015,21:00,16.4,0,15
4/8/2015,22:00,16.4,0,15
4/8/2015,23:00,15.6,0,15
4/9/2015,0:00,15.3,0,15
4/9/2015,1:00,15.3,0,15
4/9/2015,2:00,14.7,0,15
4/9/2015,3:00,14.5,0,15
4/9/2015,4:00,13.7,0,15
4/9/2015,5:00,13.5,0,15
4/9/2015,6:00,13.8,0.2,15
4/9/2015,7:00,14.8,0,15
4/9/2015,8:00,17.4,0,15
4/9/2015,9:00,22.9,0,0
4/9/2015,10:00,25.9,0,0
4/9/2015,11:00,27.7,0,0
4/9/2015,12:00,28.7,0,0
4/9/2015,13:00,29.2,0,0
4/9/2015,14:00,28.9,0,0
4/9/2015,15:00,28.3,0,0
4/9/2015,16:00,28.4,0,0
4/9/2015,17:00,24.7,0,0
4/9/2015,18:00,21.4,0,2
4/9/2015,19:00,19.6,0,14
4/9/2015,20:00,19.1,0,15
4/9/2015,21:00,18.2,0,15
4/9/2015,22:00,17.8,0,15
4/9/2015,23:00,17.1,0,15
4/10/2015,0:00,16.3,0,15
4/10/2015,1:00,15.6,0,15
4/10/2015,2:00,14.8,0,15
4/10/2015,3:00,14.7,0,15
4/10/2015,4:00,15.3,0,15
4/10/2015,5:00,14.3,0.2,15
4/10/2015,6:00,13.8,0,15
4/10/2015,7:00,14.8,0,15
4/10/2015,8:00,17.3,0,15
4/10/2015,9:00,21.3,0,0
4/10/2015,10:00,25.1,0,0
4/10/2015,11:00,26.8,0,0
4/10/2015,12:00,28.3,0,0
4/10/2015,13:00,29.9,0,0
4/10/2015,14:00,28.5,0,0
4/10/2015,15:00,28.3,0,0
4/10/2015,16:00,27.9,0,0
4/10/2015,17:00,24.3,0,0
4/10/2015,18:00,20.6,0,5
4/10/2015,19:00,18.8,0,15
4/10/2015,20:00,18.2,0,15
4/10/2015,21:00,17.2,0,15
4/10/2015,22:00,16.8,0,15
4/10/2015,23:00,16,0,15
4/11/2015,0:00,16.9,0,15
4/11/2015,1:00,16.6,0,15
4/11/2015,2:00,14.3,0,15
4/11/2015,3:00,13.4,0,15
4/11/2015,4:00,13.4,0,15
4/11/2015,5:00,13.1,0,15
4/11/2015,6:00,13.1,0,15
4/11/2015,7:00,14.1,0,15
4/11/2015,8:00,16.8,0.2,15
4/11/2015,9:00,21.4,0,15
4/11/2015,10:00,25.7,0,0
4/11/2015,11:00,27.6,0,0
4/11/2015,12:00,29.1,0,0
4/11/2015,13:00,30.7,0,0
4/11/2015,14:00,29.8,0,0
4/11/2015,15:00,29.4,0,0
4/11/2015,16:00,29.2,0,0
4/11/2015,17:00,24.9,0,0
4/11/2015,18:00,20.8,0,6
4/11/2015,19:00,19.4,0,15
4/11/2015,20:00,18.9,0,15
4/11/2015,21:00,17.6,0,15
4/11/2015,22:00,16.9,0,15
4/11/2015,23:00,16.5,0,15
4/12/2015,0:00,15.8,0,15
4/12/2015,1:00,15.6,0,15
4/12/2015,2:00,15.3,0,15
4/12/2015,3:00,16.2,0,15
4/12/2015,4:00,16.4,0,15
4/12/2015,5:00,16.7,0,15
4/12/2015,6:00,16.7,0,15
4/12/2015,7:00,17.1,0,15
4/12/2015,8:00,18.7,0,15
4/12/2015,9:00,20.9,0,0
4/12/2015,10:00,23.1,0,0
4/12/2015,11:00,25.4,0,0
4/12/2015,12:00,26.8,0,0
4/12/2015,13:00,27.4,0,0
4/12/2015,14:00,25.3,0,0
4/12/2015,15:00,25.4,0,0
4/12/2015,16:00,24.4,0,0
4/12/2015,17:00,23.3,0,0
4/12/2015,18:00,21.1,0,8
4/12/2015,19:00,20.4,0,1
4/12/2015,20:00,19.1,0,14
4/12/2015,21:00,19.3,0,0
4/12/2015,22:00,18.5,0,3
4/12/2015,23:00,18.3,0,1
4/13/2015,0:00,16.8,0,11
4/13/2015,1:00,15.6,0,14
4/13/2015,2:00,14.9,0,15
4/13/2015,3:00,14.3,0,15
4/13/2015,4:00,14.2,0,15
4/13/2015,5:00,14.7,0.2,15
4/13/2015,6:00,15.9,0,15
4/13/2015,7:00,16.5,0,15
4/13/2015,8:00,17.3,0,15
4/13/2015,9:00,19.6,0,0
4/13/2015,10:00,23,0,0
4/13/2015,11:00,24.7,0,0
4/13/2015,12:00,26,0,0
4/13/2015,13:00,27.4,0,0
4/13/2015,14:00,27.2,0,0
4/13/2015,15:00,27.2,0,0
4/13/2015,16:00,26.6,0,0
4/13/2015,17:00,24.7,0,0
4/13/2015,18:00,22.7,0,1
4/13/2015,19:00,21.7,0,1
4/13/2015,20:00,20.6,0,3
4/13/2015,21:00,18.7,0,15
4/13/2015,22:00,17.9,0,15
4/13/2015,23:00,17.2,0,15
4/14/2015,0:00,16.7,0,15
4/14/2015,1:00,16.6,0,15
4/14/2015,2:00,16.3,0,15
4/14/2015,3:00,16.2,0,15
4/14/2015,4:00,16.3,0,15
4/14/2015,5:00,16.3,0,15
4/14/2015,6:00,15.9,0,15
4/14/2015,7:00,17.2,0,15
4/14/2015,8:00,19.4,0,15
4/14/2015,9:00,23.4,0,0
4/14/2015,10:00,26.7,0,0
4/14/2015,11:00,28.8,0,0
4/14/2015,12:00,29.8,0,0
4/14/2015,13:00,31.6,0,0
4/14/2015,14:00,30.5,0,0
4/14/2015,15:00,30.2,0,0
4/14/2015,16:00,28.8,0,0
4/14/2015,17:00,25.2,0,15
4/14/2015,18:00,23.1,0,15
4/14/2015,19:00,21.9,0.2,15
4/14/2015,20:00,21.6,0,15
4/14/2015,21:00,21.4,0,15
4/14/2015,22:00,21.3,0,15
4/14/2015,23:00,20.9,0.2,15
4/15/2015,0:00,20.8,0,15
4/15/2015,1:00,20.6,0,15
4/15/2015,2:00,20.4,0,15
4/15/2015,3:00,20.6,0,15
4/15/2015,4:00,20.5,0,15
4/15/2015,5:00,20.4,0,15
4/15/2015,6:00,20.4,0,15
4/15/2015,7:00,20.7,0,15
4/15/2015,8:00,21.2,0,15
4/15/2015,9:00,21.4,0,15
4/15/2015,10:00,22.3,0,0
4/15/2015,11:00,23.4,0.2,15
4/15/2015,12:00,23.1,0.4,3
4/15/2015,13:00,23.5,0,0
4/15/2015,14:00,23.8,0,0
4/15/2015,15:00,23.9,0,0
4/15/2015,16:00,23.7,0,0
4/15/2015,17:00,23.1,0,0
4/15/2015,18:00,22.6,0,4
4/15/2015,19:00,21.2,1.2,15
4/15/2015,20:00,20.9,0,14
4/15/2015,21:00,20.7,0,14
4/15/2015,22:00,20.9,0,15
4/15/2015,23:00,21.2,0.2,14
4/16/2015,0:00,21.2,4.6,13
4/16/2015,1:00,21.2,0.2,13
4/16/2015,2:00,21.1,0,14
4/16/2015,3:00,20.9,0,15
4/16/2015,4:00,20.7,0,15
4/16/2015,5:00,20.2,0,14
4/16/2015,6:00,20.3,0,14
4/16/2015,7:00,20.7,0,4
4/16/2015,8:00,21.6,0,0
4/16/2015,9:00,22.8,0,0
4/16/2015,10:00,23.7,0,0
4/16/2015,11:00,24.8,0,0
4/16/2015,12:00,25.6,0,0
4/16/2015,13:00,26,0,0
4/16/2015,14:00,26.1,0,0
4/16/2015,15:00,26.1,0,0
4/16/2015,16:00,25.3,0,0
4/16/2015,17:00,24.3,0,0
4/16/2015,18:00,23.3,0,0
4/16/2015,19:00,22.1,0,0
4/16/2015,20:00,21.3,0,0
4/16/2015,21:00,20.7,0,0
4/16/2015,22:00,19.8,0,2
4/16/2015,23:00,19.2,0,13
4/17/2015,0:00,18.6,0,14
4/17/2015,1:00,17.7,0,15
4/17/2015,2:00,16.9,0,15
4/17/2015,3:00,16.6,0,15
4/17/2015,4:00,16.3,0,15
4/17/2015,5:00,15.4,0,15
4/17/2015,6:00,15.2,0,15
4/17/2015,7:00,16.1,0,15
4/17/2015,8:00,18.6,0,15
4/17/2015,9:00,23.8,0,0
4/17/2015,10:00,26.2,0,0
4/17/2015,11:00,28.2,0,0
4/17/2015,12:00,29.1,0,0
4/17/2015,13:00,30.1,0,0
4/17/2015,14:00,29.8,0,0
4/17/2015,15:00,28.3,0,0
4/17/2015,16:00,26.4,0,1
4/17/2015,17:00,24.6,0,3
4/17/2015,18:00,23.4,0,4
4/17/2015,19:00,22.8,0.2,15
4/17/2015,20:00,19.9,11.8,10
4/17/2015,21:00,19.8,1.8,9
4/17/2015,22:00,19.6,1.4,7
4/17/2015,23:00,19.6,0.6,11
4/18/2015,0:00,19.6,0,10
4/18/2015,1:00,19.6,0.2,11
4/18/2015,2:00,19.6,0,13
4/18/2015,3:00,19.3,0,14
4/18/2015,4:00,19.3,0,14
4/18/2015,5:00,19.6,0,14
4/18/2015,6:00,19.7,0,15
4/18/2015,7:00,19.7,0,15
4/18/2015,8:00,20,0,3
4/18/2015,9:00,20.6,0,0
4/18/2015,10:00,22,0,0
4/18/2015,11:00,23.3,0,0
4/18/2015,12:00,23.6,0,0
4/18/2015,13:00,24.7,0,0
4/18/2015,14:00,24.4,0,0
4/18/2015,15:00,24.5,0,0
4/18/2015,16:00,24.1,0,0
4/18/2015,17:00,21.7,0,0
4/18/2015,18:00,18.4,0,10
4/18/2015,19:00,17.1,0,11
4/18/2015,20:00,16.7,0,13
4/18/2015,21:00,16,0,15
4/18/2015,22:00,15.5,0,15
4/18/2015,23:00,15.4,0,15
4/19/2015,0:00,15.7,0,15
4/19/2015,1:00,15.9,0,15
4/19/2015,2:00,16.1,0,15
4/19/2015,3:00,16.6,0,15
4/19/2015,4:00,16.4,0,15
4/19/2015,5:00,16.2,0.2,14
4/19/2015,6:00,15.7,0,13
4/19/2015,7:00,15.8,0,10
4/19/2015,8:00,16.6,0,0
4/19/2015,9:00,19.6,0,0
4/19/2015,10:00,23.3,0,0
4/19/2015,11:00,24.8,0,0
4/19/2015,12:00,26.3,0,0
4/19/2015,13:00,28.1,0,0
4/19/2015,14:00,27.5,0,0
4/19/2015,15:00,27.6,0,0
4/19/2015,16:00,27.4,0,0
4/19/2015,17:00,25.2,0,1
4/19/2015,18:00,22.4,0,9
4/19/2015,19:00,22.3,0,2
4/19/2015,20:00,22.1,0,9
4/19/2015,21:00,21.6,0,10
4/19/2015,22:00,21.5,0,1
4/19/2015,23:00,21.5,0,1
4/20/2015,0:00,20.9,0,11
4/20/2015,1:00,21.2,0,12
4/20/2015,2:00,21.2,0,15
4/20/2015,3:00,21.1,0,15
4/20/2015,4:00,20.9,0,15
4/20/2015,5:00,21.3,1.2,11
4/20/2015,6:00,21.3,10.2,7
4/20/2015,7:00,21.3,2.8,9
4/20/2015,8:00,21.7,0.4,13
4/20/2015,9:00,21.7,0.8,9
4/20/2015,10:00,21.6,1.6,5
4/20/2015,11:00,21.4,2.8,5
4/20/2015,12:00,21.4,3.2,5
4/20/2015,13:00,21.4,2.4,8
4/20/2015,14:00,22,0.4,11
4/20/2015,15:00,22.5,0,1
4/20/2015,16:00,22.4,0,15
4/20/2015,17:00,22.6,0,2
4/20/2015,18:00,21.6,0,14
4/20/2015,19:00,21.8,0,15
4/20/2015,20:00,21.8,0,15
4/20/2015,21:00,21.7,0,15
4/20/2015,22:00,21.3,0,15
4/20/2015,23:00,21.1,0,15
4/21/2015,0:00,21,0,15
4/21/2015,1:00,20.9,0,15
4/21/2015,2:00,20.9,0,15
4/21/2015,3:00,20.6,0,15
4/21/2015,4:00,20.6,0.4,15
4/21/2015,5:00,20.5,0.6,15
4/21/2015,6:00,20.1,0,15
4/21/2015,7:00,20,0,15
4/21/2015,8:00,20.3,0,3
4/21/2015,9:00,21.2,0,0
4/21/2015,10:00,22.9,0,0
4/21/2015,11:00,23.5,0,0
4/21/2015,12:00,23.9,0,0
4/21/2015,13:00,24.3,0,0
4/21/2015,14:00,24.4,0,0
4/21/2015,15:00,23.3,0,0
4/21/2015,16:00,22.9,0,0
4/21/2015,17:00,21.4,0,0
4/21/2015,18:00,19.9,0,0
4/21/2015,19:00,18.6,0,0
4/21/2015,20:00,18.7,0,0
4/21/2015,21:00,18.3,0,0
4/21/2015,22:00,17.4,0,0
4/21/2015,23:00,17.4,0,0
4/22/2015,0:00,17.4,0,0
4/22/2015,1:00,17.8,0,0
4/22/2015,2:00,17.8,0,0
4/22/2015,3:00,17.8,0,0
4/22/2015,4:00,17.7,0,0
4/22/2015,5:00,17.5,0,0
4/22/2015,6:00,17.1,0,0
4/22/2015,7:00,17.2,0,0
4/22/2015,8:00,18.5,0,0
4/22/2015,9:00,19.3,0,0
4/22/2015,10:00,21,0,0
4/22/2015,11:00,21.2,0,0
4/22/2015,12:00,22.7,0,0
4/22/2015,13:00,22.1,0,0
4/22/2015,14:00,21.7,0,0
4/22/2015,15:00,21.4,0,0
4/22/2015,16:00,20.8,0,0
4/22/2015,17:00,19.8,0,11
4/22/2015,18:00,19.2,0,0
4/22/2015,19:00,18.8,0,0
4/22/2015,20:00,18.8,0,1
4/22/2015,21:00,18.3,0,0
4/22/2015,22:00,18.2,0,15
4/22/2015,23:00,18,0,0
4/23/2015,0:00,17.9,0,0
4/23/2015,1:00,17.6,0,1
4/23/2015,2:00,17.3,0,0
4/23/2015,3:00,17.2,0,0
4/23/2015,4:00,17.1,0,15
4/23/2015,5:00,17.2,0,1
4/23/2015,6:00,17.3,0,15
4/23/2015,7:00,17.5,0,15
4/23/2015,8:00,18.2,0,13
4/23/2015,9:00,18.9,0,0
4/23/2015,10:00,19.6,0.4,13
4/23/2015,11:00,19.6,0.4,13
4/23/2015,12:00,20.3,0,3
4/23/2015,13:00,20.8,0,0
4/23/2015,14:00,21.6,0,0
4/23/2015,15:00,21.7,0,0
4/23/2015,16:00,21.1,0,0
4/23/2015,17:00,20.8,0,0
4/23/2015,18:00,19.3,0,12
4/23/2015,19:00,19.2,0,0
4/23/2015,20:00,19.1,0,1
4/23/2015,21:00,17.7,0,15
4/23/2015,22:00,17.3,0,15
4/23/2015,23:00,17.2,0,15
4/24/2015,0:00,16.8,0,15
4/24/2015,1:00,17.3,0,15
4/24/2015,2:00,17.6,0,15
4/24/2015,3:00,17.9,0,15
4/24/2015,4:00,17.4,0,15
4/24/2015,5:00,17.8,0,15
4/24/2015,6:00,18.1,1.4,13
4/24/2015,7:00,18.1,3.4,10
4/24/2015,8:00,18.6,0,4
4/24/2015,9:00,19.1,0,2
4/24/2015,10:00,19.8,0,0
4/24/2015,11:00,20.9,0,0
4/24/2015,12:00,22.1,0,0
4/24/2015,13:00,24.5,0,0
4/24/2015,14:00,23.4,0,0
4/24/2015,15:00,22.7,0,0
4/24/2015,16:00,23.3,0,0
4/24/2015,17:00,21.2,0,0
4/24/2015,18:00,20.3,0,0
4/24/2015,19:00,19.7,0,0
4/24/2015,20:00,18.7,0,0
4/24/2015,21:00,18.1,0,1
4/24/2015,22:00,17,0,15
4/24/2015,23:00,17.1,0,15
4/25/2015,0:00,17,0,15
4/25/2015,1:00,16.7,0,15
4/25/2015,2:00,16.4,0,15
4/25/2015,3:00,16.8,0,15
4/25/2015,4:00,16.7,0,15
4/25/2015,5:00,16.2,0,15
4/25/2015,6:00,16.2,0.2,15
4/25/2015,7:00,16.6,0,15
4/25/2015,8:00,17.3,0,15
4/25/2015,9:00,18.5,0,15
4/25/2015,10:00,20.6,0,0
4/25/2015,11:00,21.4,0,0
4/25/2015,12:00,22.8,0,0
4/25/2015,13:00,24.4,0,0
4/25/2015,14:00,24.1,0,0
4/25/2015,15:00,23.1,0,0
4/25/2015,16:00,22.9,0,0
4/25/2015,17:00,19.9,0,0
4/25/2015,18:00,17.4,0,14
4/25/2015,19:00,16.6,0,15
4/25/2015,20:00,16.2,0,15
4/25/2015,21:00,16.1,0,15
4/25/2015,22:00,15.2,0,15
4/25/2015,23:00,14.5,0,15
4/26/2015,0:00,14.3,0,15
4/26/2015,1:00,14.2,0,15
4/26/2015,2:00,13.9,0,15
4/26/2015,3:00,13.6,0,15
4/26/2015,4:00,13.7,0,15
4/26/2015,5:00,13.7,0,15
4/26/2015,6:00,13.3,0,15
4/26/2015,7:00,13,0.2,14
4/26/2015,8:00,14.6,0,9
4/26/2015,9:00,17.7,0,0
4/26/2015,10:00,21.4,0,0
4/26/2015,11:00,23,0,0
4/26/2015,12:00,24.9,0,0
4/26/2015,13:00,25.6,0,0
4/26/2015,14:00,25.1,0,0
4/26/2015,15:00,24.9,0,0
4/26/2015,16:00,24.6,0,0
4/26/2015,17:00,21.8,0,0
4/26/2015,18:00,18.8,0,8
4/26/2015,19:00,17.5,0,10
4/26/2015,20:00,16.8,0,12
4/26/2015,21:00,16.6,0,14
4/26/2015,22:00,15.8,0,15
4/26/2015,23:00,16.4,0,15
4/27/2015,0:00,15.8,0,15
4/27/2015,1:00,15.2,0,15
4/27/2015,2:00,14.4,0,15
4/27/2015,3:00,13.6,0,15
4/27/2015,4:00,13.4,0.2,15
4/27/2015,5:00,13.1,0,15
4/27/2015,6:00,12.7,0,15
4/27/2015,7:00,13.3,0,15
4/27/2015,8:00,15.4,0,15
4/27/2015,9:00,18.5,0,0
4/27/2015,10:00,21.9,0,0
4/27/2015,11:00,23.9,0,0
4/27/2015,12:00,25.2,0,0
4/27/2015,13:00,26.1,0,0
4/27/2015,14:00,25.6,0,0
4/27/2015,15:00,24.9,0,0
4/27/2015,16:00,24.5,0,0
4/27/2015,17:00,22.2,0,0
4/27/2015,18:00,19.9,0,0
4/27/2015,19:00,19,0,1
4/27/2015,20:00,16.8,0,10
4/27/2015,21:00,15.9,0,11
4/27/2015,22:00,15.2,0,14
4/27/2015,23:00,14.8,0,15
4/28/2015,0:00,14.5,0,15
4/28/2015,1:00,14.6,0,15
4/28/2015,2:00,14.2,0,15
4/28/2015,3:00,14.6,0,15
4/28/2015,4:00,14.4,0,15
4/28/2015,5:00,14.4,0,15
4/28/2015,6:00,14.3,0,15
4/28/2015,7:00,14.7,0,15
4/28/2015,8:00,15.4,0,15
4/28/2015,9:00,16.4,0,0
4/28/2015,10:00,19.1,0.2,0
4/28/2015,11:00,21.8,0,0
4/28/2015,12:00,23.1,0,0
4/28/2015,13:00,23.6,0,0
4/28/2015,14:00,23.1,0,0
4/28/2015,15:00,24,0,0
4/28/2015,16:00,23.2,0,0
4/28/2015,17:00,21.1,0,0
4/28/2015,18:00,19.5,0,1
4/28/2015,19:00,17.6,0,13
4/28/2015,20:00,16.7,0,14
4/28/2015,21:00,16.2,0,14
4/28/2015,22:00,17.3,0,15
4/28/2015,23:00,17.7,0,15
4/29/2015,0:00,17.8,0,15
4/29/2015,1:00,17.4,0,15
4/29/2015,2:00,17.4,0,1
4/29/2015,3:00,15.7,0,15
4/29/2015,4:00,14.2,0,15
4/29/2015,5:00,14.4,0,15
4/29/2015,6:00,13.3,0,15
4/29/2015,7:00,13.6,0,15
4/29/2015,8:00,15.7,0,15
4/29/2015,9:00,19.3,0,0
4/29/2015,10:00,20.9,0,0
4/29/2015,11:00,22.3,0,0
4/29/2015,12:00,22.7,0,0
4/29/2015,13:00,23.1,0,0
4/29/2015,14:00,22.8,0,0
4/29/2015,15:00,22.4,0,0
4/29/2015,16:00,21.5,0,0
4/29/2015,17:00,19.8,0,0
4/29/2015,18:00,18.4,0,0
4/29/2015,19:00,17.6,0,0
4/29/2015,20:00,15.6,0,2
4/29/2015,21:00,14.3,0,15
4/29/2015,22:00,13.7,0,15
4/29/2015,23:00,13.3,0,15
4/30/2015,0:00,13.2,0,15
4/30/2015,1:00,13.7,0,15
4/30/2015,2:00,13.4,0,15
4/30/2015,3:00,13.4,0,15
4/30/2015,4:00,13.7,0,15
4/30/2015,5:00,13.8,0.2,15
4/30/2015,6:00,14.2,1,14
4/30/2015,7:00,14.2,0,15
4/30/2015,8:00,14.5,0.2,15
4/30/2015,9:00,15.8,0,4
4/30/2015,10:00,17.2,0,0
4/30/2015,11:00,17.8,0,0
4/30/2015,12:00,18.2,0,0
4/30/2015,13:00,19.3,0,0
4/30/2015,14:00,19.5,0,0
4/30/2015,15:00,19.8,0,0
4/30/2015,16:00,19.3,0,0
4/30/2015,17:00,18.3,0,0
4/30/2015,18:00,15.7,0,13
4/30/2015,19:00,14.6,0,14
4/30/2015,20:00,13.8,0,15
4/30/2015,21:00,13.4,0,15
4/30/2015,22:00,12.9,0,15
4/30/2015,23:00,12.9,0,15
5/1/2015,0:00,12.7,0.2,15
5/1/2015,1:00,13.3,0,15
5/1/2015,2:00,13.7,0,15
5/1/2015,3:00,13.8,0,15
5/1/2015,4:00,13.7,0,15
5/1/2015,5:00,13.4,0,15
5/1/2015,6:00,13.2,0,15
5/1/2015,7:00,13.4,0,15
5/1/2015,8:00,14.1,0,15
5/1/2015,9:00,14.6,0,15
5/1/2015,10:00,18.2,0,10
5/1/2015,11:00,21.2,0,0
5/1/2015,12:00,22.9,0,0
5/1/2015,13:00,23.5,0,0
5/1/2015,14:00,23.3,0,0
5/1/2015,15:00,22.7,0,0
5/1/2015,16:00,21.8,0,0
5/1/2015,17:00,19.8,0,1
5/1/2015,18:00,17.8,0,13
5/1/2015,19:00,16.6,0,13
5/1/2015,20:00,15.9,0,14
5/1/2015,21:00,15,0,15
5/1/2015,22:00,14.7,0,15
5/1/2015,23:00,14.6,0.2,15
5/2/2015,0:00,14.1,0,15
5/2/2015,1:00,13.7,0,15
5/2/2015,2:00,13.2,0,15
5/2/2015,3:00,12.4,0,15
5/2/2015,4:00,11.7,0,15
5/2/2015,5:00,11.1,0,15
5/2/2015,6:00,12.2,0,15
5/2/2015,7:00,13.9,0,15
5/2/2015,8:00,16,0,15
5/2/2015,9:00,18.2,0,15
5/2/2015,10:00,21,0,0
5/2/2015,11:00,22.9,0,0
5/2/2015,12:00,24.1,0,0
5/2/2015,13:00,23.9,0,0
5/2/2015,14:00,23.9,0,0
5/2/2015,15:00,23.6,0,0
5/2/2015,16:00,22,0,1
5/2/2015,17:00,21.1,0,15
5/2/2015,18:00,20.1,0,0
5/2/2015,19:00,19,0,1
5/2/2015,20:00,18.8,0,0
5/2/2015,21:00,19.6,0.2,15
5/2/2015,22:00,18.7,0,15
5/2/2015,23:00,18.8,1,14
5/3/2015,0:00,18.4,0.2,13
5/3/2015,1:00,18.4,0.2,12
5/3/2015,2:00,18.1,0,10
5/3/2015,3:00,17.8,0,4
5/3/2015,4:00,18.1,0,1
5/3/2015,5:00,18.4,0,0
5/3/2015,6:00,17.7,0,0
5/3/2015,7:00,17.5,0,0
5/3/2015,8:00,18.2,0,0
5/3/2015,9:00,19.3,0,0
5/3/2015,10:00,19.7,0,8
5/3/2015,11:00,19.7,0.4,12
5/3/2015,12:00,19.4,0.2,13
5/3/2015,13:00,19,0.6,7
5/3/2015,14:00,18.6,0.8,10
5/3/2015,15:00,19.6,0,1
5/3/2015,16:00,19.4,0,2
5/3/2015,17:00,19.1,0,2
5/3/2015,18:00,18.5,0,4
5/3/2015,19:00,18.4,0,9
5/3/2015,20:00,18.2,0,13
5/3/2015,21:00,18.1,0,14
5/3/2015,22:00,18.1,0,14
5/3/2015,23:00,17.4,0,15
5/4/2015,0:00,16.8,0.6,13
5/4/2015,1:00,15.7,0.8,7
5/4/2015,2:00,14.1,0.6,7
5/4/2015,3:00,13.7,1.2,7
5/4/2015,4:00,13.3,0,10
5/4/2015,5:00,13.3,0,7
5/4/2015,6:00,12.6,0.2,9
5/4/2015,7:00,12.8,0,7
5/4/2015,8:00,13.8,0,2
5/4/2015,9:00,14.4,0,15
5/4/2015,10:00,14.9,0,1
5/4/2015,11:00,16.3,0,0
5/4/2015,12:00,18.4,0,0
5/4/2015,13:00,18.8,0,0
5/4/2015,14:00,18.6,0,0
5/4/2015,15:00,18.7,0,0
5/4/2015,16:00,17.9,0,0
5/4/2015,17:00,14.3,0,1
5/4/2015,18:00,12.5,0,14
5/4/2015,19:00,10.7,0,15
5/4/2015,20:00,9.9,0,15
5/4/2015,21:00,9.3,0,15
5/4/2015,22:00,8.9,0,15
5/4/2015,23:00,8.2,0.2,15
5/5/2015,0:00,9,0,15
5/5/2015,1:00,8.7,0,15
5/5/2015,2:00,7.3,0,15
5/5/2015,3:00,6.6,0,15
5/5/2015,4:00,6.5,0,15
5/5/2015,5:00,5.3,0,15
5/5/2015,6:00,5,0,15
5/5/2015,7:00,5.1,0,14
5/5/2015,8:00,8.2,0,14
5/5/2015,9:00,11.5,0,0
5/5/2015,10:00,15.2,0,0
5/5/2015,11:00,17.3,0,0
5/5/2015,12:00,18.8,0,0
5/5/2015,13:00,19.4,0,0
5/5/2015,14:00,19.2,0,0
5/5/2015,15:00,18.9,0,0
5/5/2015,16:00,19.1,0,0
5/5/2015,17:00,15,0,0
5/5/2015,18:00,12.6,0,13
5/5/2015,19:00,11.2,0,15
5/5/2015,20:00,10.9,0,15
5/5/2015,21:00,9.8,0,15
5/5/2015,22:00,9.3,0,15
5/5/2015,23:00,10,0,15
5/6/2015,0:00,9.9,0,15
5/6/2015,1:00,9.3,0,15
5/6/2015,2:00,8.9,0,15
5/6/2015,3:00,8.1,0.2,15
5/6/2015,4:00,8.7,0,15
5/6/2015,5:00,8.3,0,15
5/6/2015,6:00,8.5,0,15
5/6/2015,7:00,8.9,0,15
5/6/2015,8:00,9.8,0,14
5/6/2015,9:00,12.2,0,0
5/6/2015,10:00,15.6,0,0
5/6/2015,11:00,18.6,0,0
5/6/2015,12:00,20.2,0,0
5/6/2015,13:00,21.7,0,0
5/6/2015,14:00,21.5,0,0
5/6/2015,15:00,20.9,0,0
5/6/2015,16:00,20.1,0,0
5/6/2015,17:00,17.9,0,0
5/6/2015,18:00,16.7,0,0
5/6/2015,19:00,14.4,0,1
5/6/2015,20:00,13.2,0,13
5/6/2015,21:00,11.8,0,14
5/6/2015,22:00,10.9,0,15
5/6/2015,23:00,10.5,0,15
5/7/2015,0:00,10.6,0,15
5/7/2015,1:00,10.6,0,15
5/7/2015,2:00,9.8,0.2,15
5/7/2015,3:00,9.4,0,15
5/7/2015,4:00,9,0,15
5/7/2015,5:00,8.2,0,15
5/7/2015,6:00,7.8,0,15
5/7/2015,7:00,8.3,0,15
5/7/2015,8:00,11,0,15
5/7/2015,9:00,14.2,0,15
5/7/2015,10:00,16.3,0,0
5/7/2015,11:00,17.2,0,0
5/7/2015,12:00,18.9,0,0
5/7/2015,13:00,18.6,0,0
5/7/2015,14:00,18.4,0,0
5/7/2015,15:00,18.7,0,0
5/7/2015,16:00,18.2,0,0
5/7/2015,17:00,16.7,0,0
5/7/2015,18:00,13.1,0,12
5/7/2015,19:00,11.7,0,15
5/7/2015,20:00,11.6,0,15
5/7/2015,21:00,11.7,0,15
5/7/2015,22:00,11.1,0,15
5/7/2015,23:00,10.7,0,15
5/8/2015,0:00,10.7,0,15
5/8/2015,1:00,9.7,0,15
5/8/2015,2:00,9.6,0,15
5/8/2015,3:00,9.3,0,15
5/8/2015,4:00,9.3,0,15
5/8/2015,5:00,8.3,0,15
5/8/2015,6:00,8.2,0,15
5/8/2015,7:00,8.7,0,15
5/8/2015,8:00,10.6,0.2,15
5/8/2015,9:00,14.4,0,15
5/8/2015,10:00,17.5,0,0
5/8/2015,11:00,19.3,0,0
5/8/2015,12:00,18.9,0,0
5/8/2015,13:00,19.2,0,0
5/8/2015,14:00,20.3,0,0
5/8/2015,15:00,20.4,0,0
5/8/2015,16:00,20.4,0,0
5/8/2015,17:00,17,0,2
5/8/2015,18:00,14.4,0,15
5/8/2015,19:00,13.3,0,15
5/8/2015,20:00,12.9,0,15
5/8/2015,21:00,13.1,0,15
5/8/2015,22:00,13.5,0,15
5/8/2015,23:00,12.3,0,15
5/9/2015,0:00,11.8,0,15
5/9/2015,1:00,12,0,15
5/9/2015,2:00,12.3,0,15
5/9/2015,3:00,11.1,0,15
5/9/2015,4:00,10.3,0,15
5/9/2015,5:00,10.1,0,15
5/9/2015,6:00,9.8,0,15
5/9/2015,7:00,10.2,0,15
5/9/2015,8:00,13.6,0.2,15
5/9/2015,9:00,18.1,0,11
5/9/2015,10:00,21.6,0,0
5/9/2015,11:00,23.2,0,0
5/9/2015,12:00,24.4,0,0
5/9/2015,13:00,25.3,0,0
5/9/2015,14:00,25,0,0
5/9/2015,15:00,24.9,0,0
5/9/2015,16:00,23.2,0,0
5/9/2015,17:00,20.1,0,2
5/9/2015,18:00,18.7,0,4
5/9/2015,19:00,17.9,0,15
5/9/2015,20:00,17.7,0,15
5/9/2015,21:00,17.4,0,15
5/9/2015,22:00,17.6,0,15
5/9/2015,23:00,17.6,0,15
5/10/2015,0:00,17.4,0,15
5/10/2015,1:00,17.2,0,15
5/10/2015,2:00,17.3,0,15
5/10/2015,3:00,17.1,0,15
5/10/2015,4:00,17.1,0.2,13
5/10/2015,5:00,17.2,0,13
5/10/2015,6:00,16.9,0,15
5/10/2015,7:00,16.9,0.2,14
5/10/2015,8:00,17.4,0,11
5/10/2015,9:00,17.8,0,14
5/10/2015,10:00,18.8,0,0
5/10/2015,11:00,20.7,0,0
5/10/2015,12:00,21.1,0,0
5/10/2015,13:00,21.1,0,0
5/10/2015,14:00,21.2,0,0
5/10/2015,15:00,21.2,0,0
5/10/2015,16:00,21.1,0,0
5/10/2015,17:00,19.8,0,1
5/10/2015,18:00,18.9,0,3
5/10/2015,19:00,18.2,0,14
5/10/2015,20:00,18.2,0,2
5/10/2015,21:00,18.1,0,0
5/10/2015,22:00,17.5,0,0
5/10/2015,23:00,16.9,0,0
5/11/2015,0:00,16.6,0,0
5/11/2015,1:00,16.5,0,0
5/11/2015,2:00,16.2,0,0
5/11/2015,3:00,16.3,0,0
5/11/2015,4:00,16.4,0,0
5/11/2015,5:00,16.3,0,14
5/11/2015,6:00,16.2,0.2,15
5/11/2015,7:00,16.2,0.2,12
5/11/2015,8:00,16.3,0,13
5/11/2015,9:00,14.8,4,4
5/11/2015,10:00,15.1,3,10
5/11/2015,11:00,16.7,0.2,2
5/11/2015,12:00,17.6,0,15
5/11/2015,13:00,17.5,0,0
5/11/2015,14:00,17.9,0,0
5/11/2015,15:00,17.8,0,11
5/11/2015,16:00,16.7,0,15
5/11/2015,17:00,16.3,0,11
5/11/2015,18:00,15.8,0,12
5/11/2015,19:00,15.7,0,15
5/11/2015,20:00,14.8,0,15
5/11/2015,21:00,14,0,15
5/11/2015,22:00,13.5,0,15
5/11/2015,23:00,13.7,0,15
5/12/2015,0:00,12.9,0.2,15
5/12/2015,1:00,12.8,0,15
5/12/2015,2:00,12.4,0,15
5/12/2015,3:00,13.6,0,15
5/12/2015,4:00,13.4,0.2,15
5/12/2015,5:00,13.8,0.4,15
5/12/2015,6:00,13.8,0,15
5/12/2015,7:00,14.1,0,15
5/12/2015,8:00,15.3,0,15
5/12/2015,9:00,16.8,0,0
5/12/2015,10:00,18.3,0,0
5/12/2015,11:00,19.6,0,0
5/12/2015,12:00,21.3,0,0
5/12/2015,13:00,21.9,0,0
5/12/2015,14:00,21.8,0,0
5/12/2015,15:00,20.8,0,0
5/12/2015,16:00,20.9,0,0
5/12/2015,17:00,18.3,0,0
5/12/2015,18:00,16,0,1
5/12/2015,19:00,15.1,0,5
5/12/2015,20:00,14.3,0,11
5/12/2015,21:00,13.4,0,12
5/12/2015,22:00,13,0,13
5/12/2015,23:00,12.1,0,14
5/13/2015,0:00,11.8,0.2,15
5/13/2015,1:00,12.7,0,15
5/13/2015,2:00,12.7,0,15
5/13/2015,3:00,12.7,0,15
5/13/2015,4:00,12.9,0,15
5/13/2015,5:00,12.8,0,15
5/13/2015,6:00,12.4,0,15
5/13/2015,7:00,12.2,0,15
5/13/2015,8:00,13.1,0,15
5/13/2015,9:00,15.1,0,15
5/13/2015,10:00,19,0,0
5/13/2015,11:00,21.3,0,0
5/13/2015,12:00,22.7,0,0
5/13/2015,13:00,23.2,0,0
5/13/2015,14:00,22.9,0,0
5/13/2015,15:00,22.8,0,0
5/13/2015,16:00,21.8,0,0
5/13/2015,17:00,19.5,0,0
5/13/2015,18:00,17.2,0,9
5/13/2015,19:00,15.7,0,10
5/13/2015,20:00,14.6,0,11
5/13/2015,21:00,14.7,0,12
5/13/2015,22:00,13.8,0,13
5/13/2015,23:00,13.6,0.2,15
5/14/2015,0:00,13.3,0,15
5/14/2015,1:00,12.8,0,15
5/14/2015,2:00,12.8,0,15
5/14/2015,3:00,12.5,0,15
5/14/2015,4:00,12,0,15
5/14/2015,5:00,10.9,0,15
5/14/2015,6:00,10.3,0,15
5/14/2015,7:00,10.2,0,15
5/14/2015,8:00,13.1,0,15
5/14/2015,9:00,16.7,0,15
5/14/2015,10:00,20.4,0,0
5/14/2015,11:00,22.7,0,0
5/14/2015,12:00,24.2,0,0
5/14/2015,13:00,24.9,0,0
5/14/2015,14:00,24.1,0,0
5/14/2015,15:00,24.3,0,0
5/14/2015,16:00,23.6,0,0
5/14/2015,17:00,19.6,0,0
5/14/2015,18:00,18,0,4
5/14/2015,19:00,16.6,0,10
5/14/2015,20:00,16.2,0,11
5/14/2015,21:00,16.2,0,11
5/14/2015,22:00,16.3,0,13
5/14/2015,23:00,16.1,0,14
5/15/2015,0:00,15.8,0,14
5/15/2015,1:00,15.2,0,15
5/15/2015,2:00,15.1,0,15
5/15/2015,3:00,14.9,0,15
5/15/2015,4:00,14.9,0.2,15
5/15/2015,5:00,14.8,0,15
5/15/2015,6:00,14.5,0,15
5/15/2015,7:00,14.8,0,15
5/15/2015,8:00,15.8,0,15
5/15/2015,9:00,17.7,0,0
5/15/2015,10:00,19.7,0,0
5/15/2015,11:00,22.3,0,0
5/15/2015,12:00,23.4,0,0
5/15/2015,13:00,24.7,0,0
5/15/2015,14:00,24.6,0,0
5/15/2015,15:00,24.4,0,0
5/15/2015,16:00,23.8,0,0
5/15/2015,17:00,21.3,0,0
5/15/2015,18:00,18.9,0,4
5/15/2015,19:00,17.8,0,4
5/15/2015,20:00,16.9,0,4
5/15/2015,21:00,16.8,0,6
5/15/2015,22:00,16.4,0,9
5/15/2015,23:00,16.3,0.2,12
5/16/2015,0:00,16.3,0,14
5/16/2015,1:00,15.8,0,15
5/16/2015,2:00,15.9,0,15
5/16/2015,3:00,16,0,15
5/16/2015,4:00,16.1,0,15
5/16/2015,5:00,16.1,0,15
5/16/2015,6:00,15.9,0,15
5/16/2015,7:00,16.5,0,15
5/16/2015,8:00,17.9,0,15
5/16/2015,9:00,20.7,0,15
5/16/2015,10:00,23.8,0,0
5/16/2015,11:00,24.4,0,0
5/16/2015,12:00,24.6,0,0
5/16/2015,13:00,25.1,0,0
5/16/2015,14:00,24.1,0,0
5/16/2015,15:00,22.7,0,3
5/16/2015,16:00,21.4,0,15
5/16/2015,17:00,20.3,0,15
5/16/2015,18:00,19.3,0,15
5/16/2015,19:00,19.1,0,15
5/16/2015,20:00,18.7,0.2,15
5/16/2015,21:00,18.9,0,15
5/16/2015,22:00,18.8,0,15
5/16/2015,23:00,18.3,0,15
5/17/2015,0:00,17.8,0,15
5/17/2015,1:00,17.8,0,14
5/17/2015,2:00,17.4,0,14
5/17/2015,3:00,17.6,0,14
5/17/2015,4:00,17.5,0,14
5/17/2015,5:00,17.5,0.2,15
5/17/2015,6:00,16.7,0,15
5/17/2015,7:00,16.4,0,15
5/17/2015,8:00,17.1,0,13
5/17/2015,9:00,18.5,0,0
5/17/2015,10:00,19.9,0,0
5/17/2015,11:00,22,0,0
5/17/2015,12:00,24.6,0,0
5/17/2015,13:00,24.9,0,0
5/17/2015,14:00,25.3,0,0
5/17/2015,15:00,25.3,0,0
5/17/2015,16:00,24.3,0,0
5/17/2015,17:00,21.8,0,0
5/17/2015,18:00,19.4,0,3
5/17/2015,19:00,18.8,0,4
5/17/2015,20:00,17.9,0,4
5/17/2015,21:00,16.9,0,6
5/17/2015,22:00,17.7,0,10
5/17/2015,23:00,17.1,0,13
5/18/2015,0:00,16.4,0,14
5/18/2015,1:00,16.2,0,15
5/18/2015,2:00,15.9,0,15
5/18/2015,3:00,15.8,0,15
5/18/2015,4:00,16,0,15
5/18/2015,5:00,14.8,0,15
5/18/2015,6:00,13.9,0,15
5/18/2015,7:00,13.8,0,15
5/18/2015,8:00,15.9,0.2,12
5/18/2015,9:00,17.6,0,0
5/18/2015,10:00,20.1,0,0
5/18/2015,11:00,22.9,0,0
5/18/2015,12:00,24.8,0,0
5/18/2015,13:00,25.5,0,0
5/18/2015,14:00,25.2,0,0
5/18/2015,15:00,25.1,0,0
5/18/2015,16:00,24.6,0,0
5/18/2015,17:00,21.7,0,3
5/18/2015,18:00,19.8,0,9
5/18/2015,19:00,18.6,0,11
5/18/2015,20:00,17.8,0,12
5/18/2015,21:00,17.4,0,13
5/18/2015,22:00,16.7,0,14
5/18/2015,23:00,16.2,0,15
5/19/2015,0:00,15.7,0,15
5/19/2015,1:00,15.4,0,15
5/19/2015,2:00,15.7,0,15
5/19/2015,3:00,15.8,0,15
5/19/2015,4:00,15.7,0,15
5/19/2015,5:00,15.4,0,15
5/19/2015,6:00,14.9,0,15
5/19/2015,7:00,14.2,0.2,15
5/19/2015,8:00,15.9,0,15
5/19/2015,9:00,18.8,0,15
5/19/2015,10:00,21.8,0,3
5/19/2015,11:00,23.7,0,0
5/19/2015,12:00,24.8,0,0
5/19/2015,13:00,25.6,0,0
5/19/2015,14:00,25.3,0,0
5/19/2015,15:00,25.3,0,0
5/19/2015,16:00,24.9,0,0
5/19/2015,17:00,22.2,0,0
5/19/2015,18:00,19.7,0,4
5/19/2015,19:00,18.7,0,9
5/19/2015,20:00,18.4,0,9
5/19/2015,21:00,17.4,0,11
5/19/2015,22:00,16.8,0,13
5/19/2015,23:00,16,0,15
5/20/2015,0:00,15.8,0,15
5/20/2015,1:00,15.9,0,15
5/20/2015,2:00,14.9,0,15
5/20/2015,3:00,14.4,0,15
5/20/2015,4:00,14.5,0,15
5/20/2015,5:00,14.6,0,15
5/20/2015,6:00,14.7,0,15
5/20/2015,7:00,14.9,0,15
5/20/2015,8:00,15.3,0,12
5/20/2015,9:00,17.4,0,0
5/20/2015,10:00,21,0,0
5/20/2015,11:00,24.1,0,0
5/20/2015,12:00,25.8,0,0
5/20/2015,13:00,26.5,0,0
5/20/2015,14:00,25.6,0,0
5/20/2015,15:00,25.7,0,0
5/20/2015,16:00,24.8,0,0
5/20/2015,17:00,21.9,0,0
5/20/2015,18:00,19.4,0,10
5/20/2015,19:00,18.5,0,12
5/20/2015,20:00,17.8,0,12
5/20/2015,21:00,17.4,0,14
5/20/2015,22:00,18,0,15
5/20/2015,23:00,17.2,0,15
5/21/2015,0:00,17.2,0,15
5/21/2015,1:00,16.2,0.2,15
5/21/2015,2:00,15.8,0,15
5/21/2015,3:00,14.8,0,15
5/21/2015,4:00,14.3,0,15
5/21/2015,5:00,14.2,0,15
5/21/2015,6:00,13.6,0,15
5/21/2015,7:00,13.4,0,15
5/21/2015,8:00,15.5,0,15
5/21/2015,9:00,20.4,0,15
5/21/2015,10:00,24,0,0
5/21/2015,11:00,26.2,0,0
5/21/2015,12:00,28.7,0,0
5/21/2015,13:00,28.9,0,0
5/21/2015,14:00,28.3,0,0
5/21/2015,15:00,28.2,0,0
5/21/2015,16:00,25.9,0,0
5/21/2015,17:00,22.1,0,1
5/21/2015,18:00,20.4,0,10
5/21/2015,19:00,19.4,0,12
5/21/2015,20:00,19.3,0,13
5/21/2015,21:00,18.8,0,14
5/21/2015,22:00,18.4,0,15
5/21/2015,23:00,18,0,15
5/22/2015,0:00,17.9,0,15
5/22/2015,1:00,18.1,0.2,15
5/22/2015,2:00,18.1,0,15
5/22/2015,3:00,17.1,0,15
5/22/2015,4:00,17.4,0,15
5/22/2015,5:00,17.6,0,15
5/22/2015,6:00,17.4,0,15
5/22/2015,7:00,17.4,0,15
5/22/2015,8:00,19.3,0,15
5/22/2015,9:00,23.6,0,0
5/22/2015,10:00,26.3,0,0
5/22/2015,11:00,27.8,0,0
5/22/2015,12:00,29.1,0,0
5/22/2015,13:00,29.3,0,0
5/22/2015,14:00,28.7,0,0
5/22/2015,15:00,28.3,0,0
5/22/2015,16:00,27,0,0
5/22/2015,17:00,22.9,0,0
5/22/2015,18:00,21,0,3
5/22/2015,19:00,20.1,0,14
5/22/2015,20:00,20,0,15
5/22/2015,21:00,19.6,0,15
5/22/2015,22:00,19.5,0,15
5/22/2015,23:00,18.9,0,15
5/23/2015,0:00,18.5,0,15
5/23/2015,1:00,18.4,0,15
5/23/2015,2:00,18.4,0,15
5/23/2015,3:00,17.6,0,15
5/23/2015,4:00,18.4,0,15
5/23/2015,5:00,18.9,0,15
5/23/2015,6:00,18.4,0,15
5/23/2015,7:00,18.8,0,15
5/23/2015,8:00,20.6,0,15
5/23/2015,9:00,24.6,0,0
5/23/2015,10:00,27.2,0,0
5/23/2015,11:00,28.4,0,0
5/23/2015,12:00,29,0,0
5/23/2015,13:00,29.1,0,0
5/23/2015,14:00,30.2,0,0
5/23/2015,15:00,29,0,0
5/23/2015,16:00,28.4,0,0
5/23/2015,17:00,25.4,0,0
5/23/2015,18:00,23.3,0,0
5/23/2015,19:00,22.8,0,0
5/23/2015,20:00,22.7,0,0
5/23/2015,21:00,22.8,0,0
5/23/2015,22:00,24.4,0,0
5/23/2015,23:00,22.8,3.2,14
5/24/2015,0:00,22.1,3.2,11
5/24/2015,1:00,21.6,0,13
5/24/2015,2:00,21.4,0,12
5/24/2015,3:00,21.7,0.2,15
5/24/2015,4:00,20.1,0.6,11
5/24/2015,5:00,19.8,0.2,13
5/24/2015,6:00,19.7,0,12
5/24/2015,7:00,19.8,0.2,15
5/24/2015,8:00,19.8,0.4,12
5/24/2015,9:00,19.9,1,12
5/24/2015,10:00,20.3,0.4,11
5/24/2015,11:00,19.2,0.8,14
5/24/2015,12:00,20.3,0.2,14
5/24/2015,13:00,19.9,0,1
5/24/2015,14:00,20.3,0,0
5/24/2015,15:00,20.4,0,0
5/24/2015,16:00,20.1,0,0
5/24/2015,17:00,19.6,0,0
5/24/2015,18:00,19.3,0,14
5/24/2015,19:00,19,0,15
5/24/2015,20:00,18.4,0,15
5/24/2015,21:00,18.2,0,15
5/24/2015,22:00,18.7,0,15
5/24/2015,23:00,18.9,0,9
5/25/2015,0:00,18.9,0,2
5/25/2015,1:00,18.8,0,0
5/25/2015,2:00,18.8,0,0
5/25/2015,3:00,18.6,0,0
5/25/2015,4:00,18.2,0,15
5/25/2015,5:00,18.1,0,2
5/25/2015,6:00,17.8,0,15
5/25/2015,7:00,17.9,0,1
5/25/2015,8:00,18.2,0,0
5/25/2015,9:00,19.4,0,0
5/25/2015,10:00,20.6,0,0
5/25/2015,11:00,21.8,0,0
5/25/2015,12:00,21.8,0,0
5/25/2015,13:00,21.7,0,0
5/25/2015,14:00,21.9,0,0
5/25/2015,15:00,21.4,0,0
5/25/2015,16:00,21.1,0,0
5/25/2015,17:00,20.5,0,0
5/25/2015,18:00,20.3,0,0
5/25/2015,19:00,19.8,0,0
5/25/2015,20:00,19.8,0,0
5/25/2015,21:00,19.2,0,0
5/25/2015,22:00,18.2,0,0
5/25/2015,23:00,18.5,0,0
5/26/2015,0:00,18.1,0,0
5/26/2015,1:00,17.4,0,15
5/26/2015,2:00,17.2,0,15
5/26/2015,3:00,16.2,0,15
5/26/2015,4:00,16,0,15
5/26/2015,5:00,16.2,0,15
5/26/2015,6:00,16.9,0,15
5/26/2015,7:00,17.2,0,15
5/26/2015,8:00,18,0,15
5/26/2015,9:00,19.1,0,0
5/26/2015,10:00,19.9,0,0