1/15/2015,0:00,22.8,97,15
1/15/2015,2:00,22.7,98,15
1/15/2015,4:00,22.6,98,15
1/15/2015,6:00,22.5,98,15
1/15/2015,8:00,23.4,97,15
1/15/2015,10:00,25.6,90,0
1/15/2015,12:00,22.6,95,13
1/15/2015,14:00,23.1,96,13
1/15/2015,16:00,23.3,91,15
1/15/2015,18:00,23.7,91,0
1/15/2015,20:00,22.8,94,2
1/15/2015,22:00,22.6,93,0
1/16/2015,0:00,21.4,96,0
1/16/2015,2:00,20.7,97,1
1/16/2015,4:00,21.0,98,3
1/16/2015,6:00,21.1,98,15
1/16/2015,8:00,21.8,97,15
1/16/2015,10:00,24.9,90,0
1/16/2015,12:00,28.8,75,0
1/16/2015,12:00,28.8,75,0
1/16/2015,14:00,29.8,77,0
1/16/2015,16:00,30.2,74,0
1/16/2015,18:00,29.1,76,0
1/16/2015,20:00,26.4,90,0
1/16/2015,22:00,24.9,96,15
1/17/2015,0:00,24.2,97,15
1/17/2015,2:00,24.2,98,15
1/17/2015,4:00,23.8,98,15
1/17/2015,6:00,23.6,98,15
1/17/2015,8:00,24.4,97,1
1/17/2015,10:00,25.8,89,1
1/17/2015,12:00,25.2,94,14
1/17/2015,14:00,28.6,83,0
1/17/2015,16:00,29.9,78,0
1/17/2015,18:00,28.8,82,0
1/17/2015,20:00,25.5,95,14
1/17/2015,22:00,22.9,97,15
1/18/2015,0:00,22.4,98,15
1/18/2015,2:00,22.3,97,15
1/18/2015,4:00,22.4,98,15
1/18/2015,6:00,22.3,98,15
1/18/2015,8:00,23.4,95,0
1/18/2015,10:00,25.3,89,0
1/18/2015,12:00,29.0,78,0
1/18/2015,14:00,30.4,72,0
1/18/2015,16:00,29.2,74,0
1/18/2015,18:00,28.1,75,0
1/18/2015,20:00,25.5,89,0
1/18/2015,22:00,24.0,93,2
1/19/2015,0:00,23.4,96,2
1/19/2015,2:00,23.1,96,2
1/19/2015,4:00,22.1,97,2
1/19/2015,6:00,21.7,98,3
1/19/2015,8:00,23.6,97,13
1/19/2015,10:00,29.4,79,0
1/19/2015,12:00,31.9,73,0
1/19/2015,14:00,33.7,63,0
1/19/2015,16:00,34.5,58,0
1/19/2015,18:00,34.7,56,0
1/19/2015,20:00,26.3,86,0
1/19/2015,22:00,24.8,93,0
1/20/2015,4:00,23.0,96,1
1/20/2015,6:00,23.1,97,15
1/20/2015,8:00,22.8,92,15
1/20/2015,10:00,24.3,90,15
1/20/2015,12:00,26.3,86,2
1/20/2015,14:00,28.0,81,0
1/20/2015,16:00,26.3,85,0
1/20/2015,18:00,25.4,89,0
1/20/2015,20:00,22.7,96,13
1/20/2015,22:00,20.8,88,0
1/21/2015,0:00,19.4,96,14
1/21/2015,4:00,18.6,97,15
1/21/2015,6:00,17.8,98,15
1/21/2015,8:00,19.8,97,1
1/21/2015,10:00,23.1,87,0
1/21/2015,12:00,23.0,89,15
1/21/2015,14:00,23.9,93,0
1/21/2015,16:00,24.5,78,0
1/21/2015,18:00,21.4,93,15
1/21/2015,20:00,21.1,96,15
1/21/2015,22:00,20.5,94,15
1/22/2015,0:00,18.5,96,15
1/22/2015,2:00,16.8,97,15
1/22/2015,6:00,16.7,98,15
1/22/2015,8:00,17.6,99,15
1/22/2015,10:00,22.7,84,0
1/22/2015,12:00,26.2,63,0
1/22/2015,14:00,27.4,66,0
1/22/2015,16:00,27.5,63,0
1/22/2015,18:00,26.0,67,0
1/22/2015,20:00,23.2,74,0
1/22/2015,22:00,21.1,81,0
1/23/2015,0:00,17.6,95,0
1/23/2015,2:00,17.1,95,1
1/23/2015,4:00,16.1,97,6
1/23/2015,8:00,20.4,89,13
1/23/2015,10:00,25.0,74,0
1/23/2015,12:00,27.4,65,0
1/23/2015,14:00,29.6,59,0
1/23/2015,16:00,30.0,61,0
1/23/2015,18:00,27.6,68,0
1/23/2015,20:00,24.7,78,0
1/23/2015,22:00,22.2,85,0
1/24/2015,0:00,19.2,95,2
1/24/2015,2:00,18.7,96,3
1/24/2015,4:00,17.3,97,14
1/24/2015,6:00,16.6,97,15
1/24/2015,10:00,27.7,71,0
1/24/2015,12:00,29.8,68,0
1/24/2015,14:00,31.8,62,0
1/24/2015,16:00,31.9,56,0
1/24/2015,18:00,30.3,64,0
1/24/2015,20:00,25.6,82,0
1/24/2015,22:00,24.2,75,0
1/25/2015,0:00,21.7,88,0
1/25/2015,2:00,20.4,94,0
1/25/2015,4:00,19.8,95,2
1/25/2015,6:00,18.3,96,3
1/25/2015,8:00,24.7,80,0
1/25/2015,12:00,30.9,59,0
1/25/2015,14:00,33.8,57,0
1/25/2015,16:00,34.1,47,0
1/25/2015,18:00,33.0,54,0
1/25/2015,20:00,24.4,89,0
1/25/2015,22:00,22.8,95,2
1/26/2015,0:00,22.3,96,3
1/26/2015,2:00,21.8,97,4
1/26/2015,4:00,21.3,98,15
1/26/2015,6:00,20.9,97,15
1/26/2015,8:00,25.8,83,0
1/26/2015,10:00,29.7,78,0
1/26/2015,12:00,30.8,70,0
1/26/2015,14:00,33.2,62,0
1/26/2015,16:00,34.3,58,0
1/26/2015,18:00,30.3,77,0
1/26/2015,20:00,28.2,83,0
1/26/2015,22:00,25.7,85,0
1/27/2015,0:00,23.5,94,1
1/27/2015,2:00,22.5,96,3
1/27/2015,4:00,21.8,97,3
1/27/2015,6:00,21.8,98,11
1/27/2015,8:00,26.6,85,0
1/27/2015,10:00,31.2,73,0
1/27/2015,12:00,35.3,60,0
1/27/2015,14:00,34.1,66,0
1/27/2015,16:00,24.3,95,3
1/27/2015,18:00,26.3,90,0
1/27/2015,20:00,25.4,94,0
1/27/2015,22:00,23.4,93,0
1/28/2015,0:00,22,95,3
1/28/2015,2:00,22,95,1
1/28/2015,4:00,21.9,95,0
1/28/2015,6:00,22,96,0
1/28/2015,8:00,23.7,92,0
1/28/2015,10:00,30.8,71,0
1/28/2015,12:00,33.7,63,0
1/28/2015,14:00,33.6,63,0
1/28/2015,16:00,26.8,86,15
1/28/2015,18:00,25.7,94,2
1/28/2015,20:00,24.7,96,15
1/28/2015,22:00,24.4,97,13
1/29/2015,0:00,23.8,97,15
1/29/2015,2:00,23.7,98,15
1/29/2015,4:00,23.4,98,15
1/29/2015,6:00,23.4,98,15
1/29/2015,8:00,24.4,97,1
1/29/2015,10:00,23.8,96,13
1/29/2015,12:00,22.1,95,10
1/29/2015,14:00,22.3,92,15
1/29/2015,16:00,24.2,82,0
1/29/2015,18:00,24.8,75,0
1/29/2015,20:00,21.2,92,0
1/29/2015,22:00,20.1,95,0
1/30/2015,0:00,19.9,96,15
1/30/2015,2:00,18.9,98,15
1/30/2015,4:00,18.6,98,15
1/30/2015,6:00,18.2,98,15
1/30/2015,8:00,18.9,98,0
1/30/2015,10:00,23.4,84,0
1/30/2015,12:00,26.1,71,0
1/30/2015,14:00,27.1,66,0
1/30/2015,16:00,27.4,64,0
1/30/2015,18:00,26,64,0
1/30/2015,20:00,22.6,73,0
1/30/2015,22:00,21.7,74,0
1/31/2015,0:00,17.8,92,0
1/31/2015,2:00,18.9,93,0
1/31/2015,4:00,19.2,89,0
1/31/2015,6:00,17.9,94,0
1/31/2015,8:00,21.9,86,0
1/31/2015,10:00,25.2,71,0
1/31/2015,12:00,26.8,67,0
1/31/2015,14:00,27.1,70,0
1/31/2015,16:00,26.6,76,0
1/31/2015,18:00,24.2,87,15
1/31/2015,20:00,22.4,94,5
1/31/2015,22:00,21.6,95,5
2/1/2015,0:00,20.3,97,14
2/1/2015,2:00,19.3,97,15
2/1/2015,4:00,19,98,15
2/1/2015,6:00,19.6,98,15
2/1/2015,8:00,20.6,98,3
2/1/2015,10:00,25.9,82,0
2/1/2015,12:00,29,70,0
2/1/2015,14:00,30.9,68,0
2/1/2015,16:00,30.8,66,0
2/1/2015,18:00,29.7,66,0
2/1/2015,20:00,23.8,81,0
2/1/2015,22:00,21.6,93,0
2/2/2015,0:00,21,96,1
2/2/2015,2:00,20.5,97,2
2/2/2015,4:00,19.6,97,7
2/2/2015,6:00,18.8,97,15
2/2/2015,8:00,23.9,88,4
2/2/2015,10:00,29,73,0
2/2/2015,12:00,31.2,69,0
2/2/2015,14:00,32.3,61,0
2/2/2015,16:00,32.8,60,0
2/2/2015,18:00,31.8,64,0
2/2/2015,20:00,27.6,81,0
2/3/2015,13:00,31.4,67,0
2/3/2015,14:00,31.6,68,0
2/3/2015,15:00,32.9,61,0
2/3/2015,16:00,31.9,71,0
2/3/2015,17:00,30.2,71,0
2/3/2015,18:00,29.2,75,0
2/3/2015,19:00,28.8,76,0
2/3/2015,20:00,26.9,82,0
2/3/2015,21:00,25.4,86,0
2/3/2015,22:00,24.3,90,0
2/3/2015,23:00,23,94,1
2/4/2015,0:00,22.5,95,2
2/4/2015,1:00,22.1,96,2
2/4/2015,2:00,21.7,96,2
2/4/2015,3:00,21.3,96,3
2/4/2015,4:00,20.9,96,3
2/4/2015,5:00,20.6,97,7
2/4/2015,6:00,20.1,96,11
2/4/2015,7:00,21.4,95,15
2/4/2015,8:00,24.5,87,0
2/4/2015,9:00,26.6,77,0
2/4/2015,10:00,26.6,78,0
2/4/2015,11:00,29.2,66,0
2/4/2015,12:00,30.6,65,0
2/4/2015,13:00,31.1,65,0
2/4/2015,14:00,31.3,62,0
2/4/2015,15:00,31,71,0
2/4/2015,16:00,30.4,65,0
2/4/2015,17:00,29.2,70,0
2/4/2015,18:00,29.1,70,0
2/4/2015,19:00,27.5,75,0
2/4/2015,20:00,26.2,78,0
2/4/2015,21:00,24.7,82,0
2/4/2015,22:00,23.6,84,0
2/4/2015,23:00,22.9,86,0
2/5/2015,0:00,21.9,89,0
2/5/2015,1:00,21.2,93,0
2/5/2015,2:00,20.3,95,1
2/5/2015,3:00,19.8,96,2
2/5/2015,4:00,19.3,96,2
2/5/2015,5:00,19.1,97,3
2/5/2015,6:00,19.3,97,3
2/5/2015,7:00,20.2,98,8
2/5/2015,8:00,23.5,86,0
2/5/2015,9:00,25.2,83,0
2/5/2015,10:00,27,76,0
2/5/2015,11:00,27.2,74,0
2/5/2015,12:00,28.7,67,0
2/5/2015,13:00,29.6,66,0
2/5/2015,14:00,30.9,59,0
2/5/2015,15:00,29,67,0
2/5/2015,16:00,27.8,72,0
2/5/2015,17:00,28.3,70,0
2/5/2015,18:00,28,64,0
2/5/2015,19:00,26.3,69,0
2/5/2015,20:00,24.9,77,0
2/5/2015,21:00,23.6,82,0
2/5/2015,22:00,22.3,89,0
2/5/2015,23:00,21.8,92,1
2/6/2015,0:00,20.7,94,2
2/6/2015,1:00,20.4,95,3
2/6/2015,2:00,19.7,96,3
2/6/2015,3:00,19.1,96,3
2/6/2015,4:00,19.2,97,4
2/6/2015,5:00,19.4,97,7
2/6/2015,6:00,19.8,98,15
2/6/2015,7:00,20.1,98,15
2/6/2015,8:00,20.7,98,15
2/6/2015,9:00,21.5,97,15
2/6/2015,10:00,24.6,93,0
2/6/2015,11:00,25.5,81,4
2/6/2015,12:00,26.3,83,0
2/6/2015,13:00,26.9,73,0
2/6/2015,14:00,28.3,66,0
2/6/2015,15:00,28.9,66,0
2/6/2015,16:00,28.6,63,0
2/6/2015,17:00,28.2,61,0
2/6/2015,18:00,27.4,62,0
2/6/2015,19:00,25.4,69,0
2/6/2015,20:00,23.2,79,0
2/6/2015,21:00,21.7,85,0
2/6/2015,22:00,19.8,91,1
2/6/2015,23:00,18.6,94,2
2/7/2015,0:00,17.7,96,3
2/7/2015,1:00,17,96,3
2/7/2015,2:00,16.7,97,8
2/7/2015,3:00,16.8,97,13
2/7/2015,4:00,17.2,98,15
2/7/2015,5:00,16.9,97,15
2/7/2015,6:00,17.2,98,15
2/7/2015,7:00,17.8,98,15
2/7/2015,8:00,19.8,96,1
2/7/2015,9:00,23.9,83,0
2/7/2015,10:00,25.3,75,0
2/7/2015,11:00,25.7,73,0
2/7/2015,12:00,28.1,62,0
2/7/2015,13:00,27.7,65,0
2/7/2015,14:00,28.1,62,0
2/7/2015,15:00,29.4,57,0
2/7/2015,16:00,28.1,65,0
2/7/2015,17:00,28.8,61,0
2/7/2015,18:00,28.3,60,0
2/7/2015,19:00,25.8,69,0
2/7/2015,20:00,23.6,76,0
2/7/2015,21:00,21.1,86,0
2/7/2015,22:00,19.8,90,0
2/7/2015,23:00,18.6,93,1
2/8/2015,0:00,17.8,95,2
2/8/2015,1:00,18.8,97,2
2/8/2015,2:00,19.1,95,2
2/8/2015,3:00,17.9,96,2
2/8/2015,4:00,17.1,96,12
2/8/2015,5:00,16.8,97,14
2/8/2015,6:00,16.7,97,15
2/8/2015,7:00,17.3,97,15
2/8/2015,8:00,21.1,84,0
2/8/2015,9:00,23.9,77,0
2/8/2015,10:00,26.3,66,0
2/8/2015,11:00,27.2,66,0
2/8/2015,12:00,28.9,59,0
2/8/2015,13:00,29.8,60,0
2/8/2015,14:00,30.6,61,0
2/8/2015,15:00,30.9,57,0
2/8/2015,16:00,31.6,55,0
2/8/2015,17:00,31.6,54,0
2/8/2015,18:00,29.9,62,0
2/8/2015,19:00,27.8,68,0
2/8/2015,20:00,25.7,75,0
2/8/2015,21:00,24.3,77,0
2/8/2015,22:00,22.9,82,0
2/8/2015,23:00,21.4,88,0
2/9/2015,0:00,19.8,93,1
2/9/2015,1:00,19.2,94,2
2/9/2015,2:00,18.8,96,2
2/9/2015,3:00,18.7,97,4
2/9/2015,4:00,18.2,96,10
2/9/2015,5:00,17.9,97,10
2/9/2015,6:00,17.9,97,11
2/9/2015,7:00,18.8,98,13
2/9/2015,8:00,23,90,0
2/9/2015,9:00,24.3,84,0
2/9/2015,10:00,28.2,75,0
2/9/2015,11:00,29.2,71,0
2/9/2015,12:00,31.7,65,0
2/9/2015,13:00,33.9,61,0
2/9/2015,14:00,35.2,54,0
2/9/2015,15:00,34.4,54,0
2/9/2015,16:00,31.6,66,0
2/9/2015,17:00,28.6,71,15
2/9/2015,18:00,23.7,94,2
2/9/2015,19:00,24.2,91,0
2/9/2015,20:00,22.4,93,3
2/9/2015,21:00,21.6,95,3
2/9/2015,22:00,21.3,96,4
2/9/2015,23:00,21.3,97,4
2/10/2015,0:00,21.6,97,4
2/10/2015,1:00,21,96,8
2/10/2015,2:00,20.1,97,9
2/10/2015,3:00,19.9,97,11
2/10/2015,4:00,19.8,98,14
2/10/2015,5:00,19.7,98,15
2/10/2015,6:00,19.4,98,15
2/10/2015,7:00,19.9,98,15
2/10/2015,8:00,23.8,93,15
2/10/2015,9:00,27.6,82,0
2/10/2015,10:00,29.9,74,0
2/10/2015,11:00,32.4,68,0
2/10/2015,12:00,34.1,63,0
2/10/2015,13:00,35.7,60,0
2/10/2015,14:00,35.9,59,0
2/10/2015,15:00,34.5,68,0
2/10/2015,16:00,29.6,74,0
2/10/2015,17:00,27.2,81,0
2/10/2015,18:00,26.7,79,0
2/10/2015,19:00,25.5,78,0
2/10/2015,20:00,23.4,91,15
2/10/2015,21:00,22.7,94,15
2/10/2015,22:00,22.6,95,15
2/10/2015,23:00,22.3,95,15
2/11/2015,0:00,22.5,93,3
2/11/2015,1:00,22.2,95,4
2/11/2015,2:00,22.1,96,4
2/11/2015,3:00,22.1,96,10
2/11/2015,4:00,21.8,97,13
2/11/2015,5:00,21.9,97,14
2/11/2015,6:00,22,97,14
2/11/2015,7:00,22.3,96,11
2/11/2015,8:00,22.4,97,15
2/11/2015,9:00,22.8,96,14
2/11/2015,10:00,22.4,97,13
2/11/2015,11:00,22.8,97,15
2/11/2015,12:00,23,98,13
2/11/2015,13:00,24.2,97,1
2/11/2015,14:00,25.4,94,0
2/11/2015,15:00,27.2,85,0
2/11/2015,16:00,27.1,85,0
2/11/2015,17:00,28.5,80,0
2/11/2015,18:00,28.8,77,0
2/11/2015,19:00,27.4,84,0
2/11/2015,20:00,25.9,89,0
2/11/2015,21:00,24.9,91,0
2/11/2015,22:00,24.6,93,0
2/11/2015,23:00,24.3,93,0
2/12/2015,0:00,23.8,95,0
2/12/2015,1:00,23.5,96,0
2/12/2015,2:00,23.4,96,1
2/12/2015,3:00,23.5,96,0
2/12/2015,4:00,23.5,96,0
2/12/2015,5:00,23.6,96,0
2/12/2015,6:00,23.6,96,0
2/12/2015,7:00,23.6,96,0
2/12/2015,8:00,23.9,95,0
2/12/2015,9:00,24.1,94,0
2/12/2015,10:00,25.1,91,0
2/12/2015,11:00,25.7,90,0
2/12/2015,12:00,27.2,89,0
2/12/2015,13:00,27.3,86,0
2/12/2015,14:00,30.6,77,0
2/12/2015,15:00,31.8,70,0
2/12/2015,16:00,32.2,67,0
2/12/2015,17:00,32.1,66,0
2/12/2015,18:00,32.2,63,0
2/12/2015,19:00,29.2,74,0
2/12/2015,20:00,25.7,86,0
2/12/2015,21:00,24.3,93,1
2/12/2015,22:00,24.4,94,1
2/12/2015,23:00,24,96,1
2/13/2015,0:00,24.1,96,2
2/13/2015,1:00,23.7,96,2
2/13/2015,2:00,22.9,97,3
2/13/2015,3:00,22.6,97,3
2/13/2015,4:00,22.1,97,3
2/13/2015,5:00,21.6,97,3
2/13/2015,6:00,21.5,98,3
2/13/2015,7:00,21.7,98,4
2/13/2015,8:00,22.9,97,10
2/13/2015,9:00,26.8,84,0
2/13/2015,10:00,29.6,73,0
2/13/2015,11:00,29,77,0
2/13/2015,12:00,29.7,73,0
2/13/2015,13:00,30.9,69,0
2/13/2015,14:00,30.7,66,0
2/13/2015,15:00,32.1,59,0
2/13/2015,16:00,30.2,71,0
2/13/2015,17:00,28.7,74,0
2/13/2015,18:00,28.1,72,0
2/13/2015,19:00,26.4,80,0
2/13/2015,20:00,25.7,84,0
2/13/2015,21:00,24.6,86,0
2/13/2015,22:00,24.2,88,0
2/13/2015,23:00,23.9,88,0
2/14/2015,0:00,23.6,88,0
2/14/2015,1:00,23.3,88,0
2/14/2015,2:00,22.5,90,0
2/14/2015,3:00,22.1,91,0
2/14/2015,4:00,22.2,91,1
2/14/2015,5:00,22.1,92,15
2/14/2015,6:00,21.7,94,15
2/14/2015,7:00,22.1,93,0
2/14/2015,8:00,22.7,91,0
2/14/2015,9:00,23.7,87,2
2/14/2015,10:00,24.1,88,0
2/14/2015,11:00,24.9,85,0
2/14/2015,12:00,26.2,80,0
2/14/2015,13:00,26.2,78,0
2/14/2015,14:00,26.1,78,0
2/14/2015,15:00,25.8,78,0
2/14/2015,16:00,25.7,79,0
2/14/2015,17:00,24.7,82,0
2/14/2015,18:00,23.6,85,0
2/14/2015,19:00,23.2,84,0
2/14/2015,20:00,22.7,83,0
2/14/2015,21:00,22.3,86,0
2/14/2015,22:00,22.1,87,0
2/14/2015,23:00,22.3,86,0
2/15/2015,0:00,22.3,86,0
2/15/2015,1:00,22.4,84,0
2/15/2015,2:00,22.3,83,0
2/15/2015,3:00,22.2,84,0
2/15/2015,4:00,21.9,84,1
2/15/2015,5:00,21.7,86,13
2/15/2015,6:00,21.1,87,0
2/15/2015,7:00,21.6,84,0
2/15/2015,8:00,22.3,83,0
2/15/2015,9:00,23.4,82,0
2/15/2015,10:00,25.6,76,0
2/15/2015,11:00,27.2,70,0
2/15/2015,12:00,27.1,72,0
2/15/2015,13:00,28.2,71,0
2/15/2015,14:00,27.2,71,0
2/15/2015,15:00,27.8,67,0
2/15/2015,16:00,28.5,63,0
2/15/2015,17:00,27.9,62,0
2/15/2015,18:00,26.8,65,0
2/15/2015,19:00,25.1,69,0
2/15/2015,20:00,23.1,76,0
2/15/2015,21:00,22.1,81,0
2/15/2015,22:00,19.6,91,6
2/15/2015,23:00,19.7,94,12
2/16/2015,0:00,18.7,95,14
2/16/2015,1:00,18.4,96,15
2/16/2015,2:00,19,98,15
2/16/2015,3:00,19.1,97,15
2/16/2015,4:00,19.2,97,15
2/16/2015,5:00,19.1,97,15
2/16/2015,6:00,19.2,96,15
2/16/2015,7:00,18.9,97,15
2/16/2015,8:00,20,94,15
2/16/2015,9:00,21.9,86,0
2/16/2015,10:00,23.9,83,0
2/16/2015,11:00,25.8,76,0
2/16/2015,12:00,27.2,69,0
2/16/2015,13:00,26.9,72,0
2/16/2015,14:00,27.4,71,0
2/16/2015,15:00,27.2,73,0
2/16/2015,16:00,27.3,72,0
2/16/2015,17:00,26.9,69,0
2/16/2015,18:00,26.6,70,0
2/16/2015,19:00,25.1,75,0
2/16/2015,20:00,23.6,79,0
2/16/2015,21:00,22.7,82,0
2/16/2015,22:00,21.6,86,1
2/16/2015,23:00,20.6,89,3
2/17/2015,1:00,19.5,93,4
2/17/2015,2:00,19.1,95,4
2/17/2015,3:00,19.0,96,6
2/17/2015,4:00,18.4,96,10
2/17/2015,5:00,18.2,97,12
2/17/2015,6:00,17.8,97,15
2/17/2015,7:00,18.7,98,15
2/17/2015,8:00,21.4,92,0
2/17/2015,9:00,23.8,82,0
2/17/2015,10:00,26.1,75,0
2/17/2015,11:00,27.7,67,0
2/17/2015,12:00,28.8,66,0
2/17/2015,13:00,29.5,62,0
2/17/2015,14:00,29.5,63,0
2/17/2015,15:00,30.7,59,0
2/17/2015,16:00,30.4,60,0
2/17/2015,17:00,27.9,71,0
2/17/2015,18:00,27.3,72,0
2/17/2015,19:00,25.7,78,0
2/17/2015,20:00,24.2,83,0
2/17/2015,21:00,23.4,86,0
2/17/2015,22:00,22.6,89,1
2/17/2015,23:00,21.3,92,9
2/18/2015,0:00,21,94,11
2/18/2015,1:00,19.9,96,11
2/18/2015,2:00,19.7,96,14
2/18/2015,3:00,18.8,96,14
2/18/2015,4:00,18.2,96,15
2/18/2015,5:00,18.6,98,15
2/18/2015,6:00,18.2,98,15
2/18/2015,7:00,18.7,98,15
2/18/2015,8:00,19.5,98,15
2/18/2015,9:00,21.3,98,15
2/18/2015,10:00,25.4,82,0
2/18/2015,11:00,28.3,69,0
2/18/2015,12:00,29.6,64,0
2/18/2015,13:00,30.5,58,0
2/18/2015,14:00,31.9,55,0
2/18/2015,15:00,32,56,0
2/18/2015,16:00,30.6,63,0
2/18/2015,17:00,27.3,79,0
2/18/2015,18:00,26.9,81,0
2/18/2015,19:00,26.1,81,0
2/18/2015,20:00,24.9,85,1
2/18/2015,21:00,23.9,88,1
2/18/2015,22:00,22.7,92,3
2/18/2015,23:00,21.7,95,5
2/19/2015,0:00,21.2,96,6
2/19/2015,1:00,21.2,97,6
2/19/2015,2:00,20.8,97,6
2/19/2015,3:00,20.1,97,8
2/19/2015,4:00,20.2,98,9
2/19/2015,5:00,19.7,97,15
2/19/2015,6:00,19.2,97,15
2/19/2015,7:00,19.4,98,15
2/19/2015,8:00,22.4,93,15
2/19/2015,9:00,25.7,84,0
2/19/2015,10:00,28.8,76,0
2/19/2015,11:00,31.7,66,0
2/19/2015,12:00,33.6,59,0
2/19/2015,13:00,33.7,58,0
2/19/2015,14:00,33.9,56,0
2/19/2015,15:00,30.9,72,15
2/19/2015,16:00,26.4,88,0
2/19/2015,17:00,25.8,84,0
2/19/2015,18:00,25.8,86,0
2/19/2015,19:00,24.8,90,15
2/19/2015,20:00,24.1,92,15
2/19/2015,21:00,23.3,94,15
2/19/2015,22:00,23,96,15
2/19/2015,23:00,22.6,96,15
2/20/2015,0:00,22.3,96,15
2/20/2015,1:00,22.3,98,15
2/20/2015,2:00,22.2,97,15
2/20/2015,3:00,22.4,97,15
2/20/2015,4:00,22.2,97,15
2/20/2015,5:00,22,97,15
2/20/2015,6:00,22.2,98,14
2/20/2015,7:00,22.3,98,15
2/20/2015,8:00,22.2,97,13
2/20/2015,9:00,22,97,11
2/20/2015,10:00,21.9,97,12
2/20/2015,11:00,22.7,96,15
2/20/2015,12:00,23.3,96,15
2/20/2015,13:00,24.1,94,15
2/20/2015,14:00,23.8,93,15
2/20/2015,15:00,24.2,91,0
2/20/2015,16:00,24.8,90,0
2/20/2015,17:00,25.1,90,0
2/20/2015,18:00,22.2,93,13
2/20/2015,19:00,22.1,96,14
2/20/2015,20:00,21.9,97,13
2/20/2015,21:00,21.7,98,13
2/20/2015,22:00,21.8,98,11
2/20/2015,23:00,21.7,98,13
2/21/2015,0:00,21.8,98,13
2/21/2015,1:00,21.4,98,15
2/21/2015,2:00,20.9,98,15
2/21/2015,3:00,21.1,98,15
2/21/2015,4:00,21.3,98,15
2/21/2015,5:00,21.1,98,15
2/21/2015,6:00,20.9,98,14
2/21/2015,7:00,20.9,98,14
2/21/2015,8:00,21.4,98,2
2/21/2015,9:00,22.5,97,0
2/21/2015,10:00,25.8,91,0
2/21/2015,11:00,26.5,86,0
2/21/2015,12:00,27.3,82,0
2/21/2015,13:00,27.8,82,0
2/21/2015,14:00,27.8,80,0
2/21/2015,15:00,27.4,81,0
2/21/2015,16:00,26.6,82,0
2/21/2015,17:00,26.4,83,0
2/21/2015,18:00,25.6,82,0
2/21/2015,19:00,23.6,92,10
2/21/2015,20:00,22.9,95,15
2/21/2015,21:00,22.6,95,14
2/21/2015,22:00,22.5,96,12
2/21/2015,23:00,22.4,96,15
2/22/2015,0:00,22.2,97,12
2/22/2015,1:00,22.2,97,12
2/22/2015,2:00,22.1,97,13
2/22/2015,3:00,21.8,96,10
2/22/2015,4:00,21.7,94,8
2/22/2015,5:00,21.2,96,6
2/22/2015,6:00,21.1,97,8
2/22/2015,7:00,21.1,97,9
2/22/2015,8:00,21.6,97,1
2/22/2015,9:00,22.8,96,0
2/22/2015,10:00,24.5,89,0
2/22/2015,11:00,26.1,84,0
2/22/2015,12:00,27.6,78,0
2/22/2015,13:00,26.1,81,0
2/22/2015,14:00,23.9,93,13
2/22/2015,15:00,23.8,95,10
2/22/2015,16:00,23.4,96,10
2/22/2015,17:00,23.3,97,9
2/22/2015,18:00,23.1,95,1
2/22/2015,19:00,23.1,96,2
2/22/2015,20:00,22.3,96,7
2/22/2015,21:00,21.8,97,12
2/22/2015,22:00,21.3,98,14
2/22/2015,23:00,21.2,98,15
2/23/2015,0:00,20.6,98,15
2/23/2015,1:00,20.3,98,15
2/23/2015,2:00,19.9,98,15
2/23/2015,3:00,20.2,98,15
2/23/2015,4:00,20,98,15
2/23/2015,5:00,19.4,98,15
2/23/2015,6:00,19.4,98,15
2/23/2015,7:00,19.6,98,15
2/23/2015,8:00,20.9,99,4
2/23/2015,9:00,21.7,98,0
2/23/2015,10:00,23.3,93,0
2/23/2015,11:00,26.2,84,0
2/23/2015,12:00,27.3,78,0
2/23/2015,13:00,28,78,0
2/23/2015,14:00,29.3,68,0
2/23/2015,15:00,28.9,74,0
2/23/2015,16:00,29.3,73,0
2/23/2015,17:00,28.4,74,0
2/23/2015,18:00,28.3,80,0
2/23/2015,19:00,26.4,84,0
2/23/2015,20:00,24.6,91,0
2/23/2015,21:00,24.2,91,0
2/23/2015,22:00,24.2,91,0
2/23/2015,23:00,23.7,93,0
2/24/2015,0:00,23.6,95,11
2/24/2015,1:00,23.2,96,12
2/24/2015,2:00,22.8,96,12
2/24/2015,3:00,22.8,97,10
2/24/2015,4:00,22.1,96,8
2/24/2015,5:00,21.3,95,3
2/24/2015,6:00,21.1,96,3
2/24/2015,7:00,20.2,96,10
2/24/2015,8:00,20.8,96,0
2/24/2015,9:00,23.3,93,0
2/24/2015,10:00,26.3,84,0
2/24/2015,11:00,28.2,78,0
2/24/2015,12:00,29.3,74,0
2/24/2015,13:00,30.1,67,0
2/24/2015,14:00,30.6,67,0
2/24/2015,15:00,30.8,64,0
2/24/2015,16:00,30.8,65,0
2/24/2015,17:00,30.7,64,0
2/24/2015,18:00,30.1,66,0
2/24/2015,19:00,27.2,78,0
2/24/2015,20:00,25.3,84,0
2/24/2015,21:00,24.4,87,0
2/24/2015,22:00,22.6,92,1
2/24/2015,23:00,21.9,95,1
2/25/2015,0:00,21.4,96,1
2/25/2015,1:00,21.2,97,2
2/25/2015,2:00,20.1,96,2
2/25/2015,3:00,19.4,97,2
2/25/2015,4:00,18.8,97,2
2/25/2015,5:00,18.3,97,2
2/25/2015,6:00,18.4,98,3
2/25/2015,7:00,18.7,98,8
2/25/2015,8:00,22.8,88,4
2/25/2015,9:00,25.1,78,0
2/25/2015,10:00,27.8,74,0
2/25/2015,11:00,29.6,66,0
2/25/2015,12:00,30.6,66,0
2/25/2015,13:00,31.6,68,0
2/25/2015,14:00,31.8,63,0
2/25/2015,15:00,32.5,61,0
2/25/2015,16:00,32.8,61,0
2/25/2015,17:00,32.5,60,0
2/25/2015,18:00,30.9,69,0
2/25/2015,19:00,28.2,82,0
2/25/2015,20:00,26.6,84,0
2/25/2015,21:00,25.4,88,0
2/25/2015,22:00,23.8,93,1
2/25/2015,23:00,24.2,90,0
2/26/2015,0:00,24,86,15
2/26/2015,1:00,21.5,95,5
2/26/2015,2:00,21.3,97,13
2/26/2015,3:00,21.2,97,13
2/26/2015,4:00,21.1,97,12
2/26/2015,5:00,21,97,13
2/26/2015,6:00,20.9,97,13
2/26/2015,7:00,20.8,98,15
2/26/2015,8:00,21.3,97,10
2/26/2015,9:00,21.9,96,1
2/26/2015,10:00,24.2,90,0
2/26/2015,11:00,25.4,87,0
2/26/2015,12:00,26.7,84,0
2/26/2015,13:00,28.2,80,0
2/26/2015,14:00,28.9,78,0
2/26/2015,15:00,29.8,76,0
2/26/2015,16:00,27.8,74,0
2/26/2015,17:00,25.4,83,0
2/26/2015,18:00,20.8,94,14
2/26/2015,19:00,20.7,96,13
2/26/2015,20:00,20.8,97,15
2/26/2015,21:00,20.8,97,14
2/26/2015,22:00,20.7,97,14
2/26/2015,23:00,20.6,98,14
2/27/2015,0:00,20.3,98,14
2/27/2015,1:00,20.3,98,15
2/27/2015,2:00,19.9,98,15
2/27/2015,3:00,19.6,98,15
2/27/2015,4:00,20,98,14
2/27/2015,5:00,20.2,98,14
2/27/2015,6:00,19.9,98,14
2/27/2015,7:00,20.2,98,12
2/27/2015,8:00,21,98,3
2/27/2015,9:00,21.7,98,1
2/27/2015,10:00,22.9,96,0
2/27/2015,11:00,24.4,92,0
2/27/2015,12:00,25.9,86,0
2/27/2015,13:00,27.6,82,0
2/27/2015,14:00,28.7,79,0
2/27/2015,15:00,29.7,74,0
2/27/2015,16:00,28.8,76,0
2/27/2015,17:00,29.1,79,0
2/27/2015,18:00,23.3,93,14
2/27/2015,19:00,23.3,95,13
2/27/2015,20:00,23.4,96,12
2/27/2015,21:00,23.2,97,12
2/27/2015,22:00,23.1,97,15
2/27/2015,23:00,22.4,94,14
2/28/2015,0:00,21.1,95,15
2/28/2015,1:00,20.1,96,15
2/28/2015,2:00,19.6,97,15
2/28/2015,3:00,18.9,97,15
2/28/2015,4:00,18.2,97,15
2/28/2015,5:00,17.9,98,15
2/28/2015,6:00,17.6,98,15
2/28/2015,7:00,17.7,98,15
2/28/2015,8:00,18.8,98,13
2/28/2015,9:00,20.9,97,0
2/28/2015,10:00,24.3,87,0
2/28/2015,11:00,25.3,81,0
2/28/2015,12:00,26.8,70,0
2/28/2015,13:00,26.9,71,0
2/28/2015,14:00,28,68,0
2/28/2015,15:00,28.2,61,0
2/28/2015,16:00,27.6,66,0
2/28/2015,17:00,26.7,68,0
2/28/2015,18:00,25.2,70,0
2/28/2015,19:00,23.9,72,0
2/28/2015,20:00,22.7,77,0
2/28/2015,21:00,21.6,81,0
2/28/2015,22:00,20.7,85,0
2/28/2015,23:00,20.1,87,0
3/1/2015,0:00,19.7,89,0
3/1/2015,1:00,18.5,93,1
3/1/2015,2:00,18,95,1
3/1/2015,3:00,17.7,96,1
3/1/2015,4:00,17.2,96,1
3/1/2015,5:00,16.7,97,2
3/1/2015,6:00,16.7,97,2
3/1/2015,7:00,16.7,98,2
3/1/2015,8:00,20.6,92,3
3/1/2015,9:00,23.8,80,0
3/1/2015,10:00,26.8,65,0
3/1/2015,11:00,28.9,57,0
3/1/2015,12:00,29.9,57,0
3/1/2015,13:00,31.2,57,0
3/1/2015,14:00,31.1,53,0
3/1/2015,15:00,30.6,56,0
3/1/2015,16:00,30.6,56,0
3/1/2015,17:00,30,59,0
3/1/2015,18:00,28.1,65,0
3/1/2015,19:00,26.2,72,0
3/1/2015,20:00,24.4,81,0
3/1/2015,21:00,22.2,90,1
3/1/2015,22:00,21.3,94,2
3/1/2015,23:00,20.9,95,2
3/2/2015,0:00,20.4,96,2
3/2/2015,1:00,20.5,96,2
3/2/2015,2:00,20.4,93,2
3/2/2015,3:00,20.5,89,3
3/2/2015,4:00,19.9,91,3
3/2/2015,5:00,19.7,91,3
3/2/2015,6:00,19.3,93,3
3/2/2015,7:00,19.7,93,3
3/2/2015,8:00,21.5,88,0
3/2/2015,9:00,26.1,73,0
3/2/2015,10:00,26.3,72,0
3/2/2015,11:00,27.8,67,0
3/2/2015,12:00,28.9,66,0
3/2/2015,13:00,29.2,64,0
3/2/2015,14:00,30.9,59,0
3/2/2015,15:00,31.6,58,0
3/2/2015,16:00,31.8,63,0
3/2/2015,17:00,32.9,55,0
3/2/2015,18:00,32.2,63,0
3/2/2015,19:00,27.3,82,0
3/2/2015,20:00,24.7,90,3
3/2/2015,21:00,23.4,93,3
3/2/2015,22:00,22.9,95,3
3/2/2015,23:00,22.9,96,3
3/3/2015,0:00,22.8,97,3
3/3/2015,1:00,22.8,96,3
3/3/2015,2:00,22.8,96,3
3/3/2015,3:00,22.6,96,3
3/3/2015,4:00,22.2,96,3
3/3/2015,5:00,21.9,97,10
3/3/2015,6:00,22,96,10
3/3/2015,7:00,21.3,97,10
3/3/2015,8:00,23.7,90,0
3/3/2015,9:00,27.8,76,0
3/3/2015,10:00,30.2,66,0
3/3/2015,11:00,32.1,62,0
3/3/2015,12:00,31.9,60,0
3/3/2015,13:00,32.7,59,0
3/3/2015,14:00,32.9,60,0
3/3/2015,15:00,33.8,56,0
3/3/2015,16:00,34.1,55,0
3/3/2015,17:00,33.1,56,0
3/3/2015,18:00,31.7,60,0
3/3/2015,19:00,29.7,69,0
3/3/2015,20:00,27.3,76,0
3/3/2015,21:00,25.4,79,0
3/3/2015,22:00,24.2,84,0
3/3/2015,23:00,23.2,90,1
3/4/2015,0:00,22.2,94,4
3/4/2015,1:00,21.8,96,4
3/4/2015,2:00,21.7,96,4
3/4/2015,3:00,21.3,96,4
3/4/2015,4:00,21.1,97,6
3/4/2015,5:00,20.8,97,10
3/4/2015,6:00,21.2,97,11
3/4/2015,7:00,21.9,94,12
3/4/2015,8:00,24.9,85,0
3/4/2015,9:00,28.6,72,0
3/4/2015,10:00,30.8,62,0
3/4/2015,11:00,31.6,62,0
3/4/2015,12:00,32.5,64,0
3/4/2015,13:00,33.7,63,0
3/4/2015,14:00,34.5,58,0
3/4/2015,15:00,34.2,64,0
3/4/2015,16:00,33.1,64,0
3/4/2015,17:00,32.6,68,0
3/4/2015,18:00,30.3,74,0
3/4/2015,19:00,24.6,88,15
3/4/2015,20:00,23.7,95,14
3/4/2015,21:00,23.5,96,12
3/4/2015,22:00,23.2,96,15
3/4/2015,23:00,23.2,97,15
3/5/2015,0:00,23.2,97,15
3/5/2015,1:00,23.1,97,15
3/5/2015,2:00,23,97,15
3/5/2015,3:00,22.6,97,15
3/5/2015,4:00,22.6,98,15
3/5/2015,5:00,22.4,98,15
3/5/2015,6:00,21.9,98,15
3/5/2015,7:00,22.2,98,15
3/5/2015,8:00,22.9,99,6
3/5/2015,9:00,24.6,97,0
3/5/2015,10:00,27.3,88,0
3/5/2015,11:00,26.4,86,0
3/5/2015,12:00,26.7,89,0
3/5/2015,13:00,27.2,88,0
3/5/2015,14:00,29.5,78,0
3/5/2015,15:00,29.9,76,0
3/5/2015,16:00,29.3,79,0
3/5/2015,17:00,30.8,74,0
3/5/2015,18:00,27.3,86,9
3/5/2015,19:00,26.8,88,0
3/5/2015,20:00,25.7,89,0
3/5/2015,21:00,24.9,90,0
3/5/2015,22:00,23.8,95,7
3/5/2015,23:00,23.4,95,9
3/6/2015,0:00,22.8,96,9
3/6/2015,1:00,22.7,95,10
3/6/2015,2:00,22.2,95,11
3/6/2015,3:00,22.2,95,11
3/6/2015,4:00,22.5,95,13
3/6/2015,5:00,21.8,97,13
3/6/2015,6:00,22.1,97,13
3/6/2015,7:00,22.2,96,13
3/6/2015,8:00,23.2,94,0
3/6/2015,9:00,23.9,93,0
3/6/2015,10:00,24.7,89,0
3/6/2015,11:00,26.9,83,0
3/6/2015,12:00,27.6,78,0
3/6/2015,13:00,27.4,78,0
3/6/2015,14:00,28.2,74,0
3/6/2015,15:00,28.2,72,0
3/6/2015,16:00,29.1,61,0
3/6/2015,17:00,28.6,64,0
3/6/2015,18:00,27.4,72,0
3/6/2015,19:00,25.3,80,0
3/6/2015,20:00,24.2,81,0
3/6/2015,21:00,23.4,85,0
3/6/2015,22:00,22.8,87,0
3/6/2015,23:00,21.7,89,3
3/7/2015,0:00,20.3,94,12
3/7/2015,1:00,19.6,95,13
3/7/2015,2:00,20,96,13
3/7/2015,3:00,19.7,95,14
3/7/2015,4:00,18.6,96,14
3/7/2015,5:00,18,97,15
3/7/2015,6:00,17.8,97,15
3/7/2015,7:00,18.3,98,15
3/7/2015,8:00,19.2,98,15
3/7/2015,9:00,20.5,98,15
3/7/2015,10:00,23.6,87,0
3/7/2015,11:00,25.8,74,0
3/7/2015,12:00,27.4,67,0
3/7/2015,13:00,27.4,66,0
3/7/2015,14:00,28.9,63,0
3/7/2015,15:00,28.4,62,0
3/7/2015,16:00,28.6,59,0
3/7/2015,17:00,27.7,60,0
3/7/2015,18:00,27.2,63,0
3/7/2015,19:00,24.7,73,0
3/7/2015,20:00,22.5,77,0
3/7/2015,21:00,20.4,87,2
3/7/2015,22:00,19.8,90,4
3/7/2015,23:00,18.8,94,4
3/8/2015,0:00,18.3,96,4
3/8/2015,1:00,17.6,96,6
3/8/2015,2:00,16.3,97,9
3/8/2015,3:00,16.8,98,13
3/8/2015,4:00,17.1,98,15
3/8/2015,5:00,16.7,98,15
3/8/2015,6:00,16.6,98,15
3/8/2015,7:00,17.8,98,15
3/8/2015,8:00,21.2,89,0
3/8/2015,9:00,24.8,79,0
3/8/2015,10:00,27,73,0
3/8/2015,11:00,28.7,70,0
3/8/2015,12:00,30.2,63,0
3/8/2015,13:00,31,60,0
3/8/2015,14:00,31.1,61,0
3/8/2015,15:00,31.4,60,0
3/8/2015,16:00,31.1,62,0
3/8/2015,17:00,29.2,68,0
3/8/2015,18:00,27.2,76,0
3/8/2015,19:00,25.8,80,0
3/8/2015,20:00,24.8,85,0
3/8/2015,21:00,23.7,90,3
3/8/2015,22:00,22.8,92,3
3/8/2015,23:00,22.2,93,4
3/9/2015,0:00,21.4,95,4
3/9/2015,1:00,21,97,4
3/9/2015,2:00,20.9,97,4
3/9/2015,3:00,20.9,97,4
3/9/2015,4:00,20.9,98,7
3/9/2015,5:00,21.2,98,7
3/9/2015,6:00,21.1,98,9
3/9/2015,7:00,21.6,98,12
3/9/2015,8:00,23,97,10
3/9/2015,9:00,25.3,88,0
3/9/2015,10:00,27.6,81,0
3/9/2015,11:00,29.2,73,0
3/9/2015,12:00,30.3,70,0
3/9/2015,13:00,30.8,65,0
3/9/2015,14:00,29.9,70,0
3/9/2015,15:00,28.5,75,0
3/9/2015,16:00,25.5,88,15
3/9/2015,17:00,26.4,92,2
3/9/2015,18:00,25.2,88,0
3/9/2015,19:00,23.5,94,6
3/9/2015,20:00,23.7,93,3
3/9/2015,21:00,23.2,92,1
3/9/2015,22:00,22.9,95,0
3/9/2015,23:00,22.8,94,2
3/10/2015,0:00,22.1,95,11
3/10/2015,1:00,22.4,96,13
3/10/2015,2:00,22.4,96,15
3/10/2015,3:00,22.4,97,15
3/10/2015,4:00,22.3,96,15
3/10/2015,5:00,22.4,97,15
3/10/2015,6:00,22.4,97,15
3/10/2015,7:00,22.8,96,2
3/10/2015,8:00,23.3,95,0
3/10/2015,9:00,23.9,95,15
3/10/2015,10:00,24.3,94,3
3/10/2015,11:00,23.3,97,15
3/10/2015,12:00,23.4,97,14
3/10/2015,13:00,22.4,96,12
3/10/2015,14:00,23.4,96,1
3/10/2015,15:00,24.5,94,1
3/10/2015,16:00,25.3,89,2
3/10/2015,17:00,25.2,89,0
3/10/2015,18:00,23.8,89,0
3/10/2015,19:00,22.6,92,2
3/10/2015,20:00,22.3,92,3
3/10/2015,21:00,22,93,0
3/10/2015,22:00,20.8,95,13
3/10/2015,23:00,21,96,15
3/11/2015,0:00,19.6,96,15
3/11/2015,1:00,20.3,98,15
3/11/2015,2:00,20.7,98,15
3/11/2015,3:00,21.3,94,15
3/11/2015,4:00,21.3,94,15
3/11/2015,5:00,21,96,12
3/11/2015,6:00,20.8,97,14
3/11/2015,7:00,21.6,97,15
3/11/2015,8:00,22.9,94,0
3/11/2015,9:00,24.3,91,0
3/11/2015,10:00,25.5,86,0
3/11/2015,11:00,27.8,74,0
3/11/2015,12:00,28.6,68,0
3/11/2015,13:00,29.1,71,0
3/11/2015,14:00,29,66,0
3/11/2015,15:00,28.5,68,0
3/11/2015,16:00,28.4,67,0
3/11/2015,17:00,27.3,74,0
3/11/2015,18:00,24.9,79,0
3/11/2015,19:00,23.1,87,0
3/11/2015,20:00,21.6,92,3
3/11/2015,21:00,20.4,95,7
3/11/2015,22:00,20.1,96,8
3/11/2015,23:00,20.1,97,9
3/12/2015,0:00,20.1,97,9
3/12/2015,1:00,19,97,10
3/12/2015,2:00,19.4,98,12
3/12/2015,3:00,18.9,97,15
3/12/2015,4:00,18.8,98,15
3/12/2015,5:00,19.1,98,15
3/12/2015,6:00,18.8,98,15
3/12/2015,7:00,19.4,98,15
3/12/2015,8:00,21.9,99,15
3/12/2015,9:00,25.3,80,0
3/12/2015,10:00,26.2,74,0
3/12/2015,11:00,28.2,63,0
3/12/2015,12:00,28.8,62,0
3/12/2015,13:00,29.7,60,0
3/12/2015,14:00,29.9,60,0
3/12/2015,15:00,29.4,56,0
3/12/2015,16:00,28.6,69,0
3/12/2015,17:00,27.1,72,0
3/12/2015,18:00,25.5,75,0
3/12/2015,19:00,23.8,81,0
3/12/2015,20:00,22.7,87,0
3/12/2015,21:00,21.8,90,1
3/12/2015,22:00,20.7,94,12
3/12/2015,23:00,19.9,95,15
3/13/2015,0:00,19.5,97,15
3/13/2015,1:00,19,96,15
3/13/2015,2:00,19.1,97,15
3/13/2015,3:00,18.8,98,15
3/13/2015,4:00,18.6,97,15
3/13/2015,5:00,17.8,98,15
3/13/2015,6:00,17.8,98,15
3/13/2015,7:00,19.9,96,15
3/13/2015,8:00,23.1,88,0
3/13/2015,9:00,25.4,79,0
3/13/2015,10:00,26.8,74,0
3/13/2015,11:00,28.2,71,0
3/13/2015,12:00,29.2,68,0
3/13/2015,13:00,30.1,63,0
3/13/2015,14:00,30.9,56,0
3/13/2015,15:00,30.9,60,0
3/13/2015,16:00,30.6,61,0
3/13/2015,17:00,29.7,69,0
3/13/2015,18:00,26.8,77,0
3/13/2015,19:00,25.3,83,0
3/13/2015,20:00,24.1,87,1
3/13/2015,21:00,22.8,91,11
3/13/2015,22:00,21.9,94,15
3/13/2015,23:00,21,96,15
3/14/2015,0:00,20.4,96,15
3/14/2015,1:00,20.1,97,15
3/14/2015,2:00,20.3,98,15
3/14/2015,3:00,20.8,98,15
3/14/2015,4:00,21.2,98,15
3/14/2015,5:00,21.2,98,15
3/14/2015,6:00,21,98,15
3/14/2015,7:00,21.1,98,15
3/14/2015,8:00,21.5,98,15
3/14/2015,9:00,23.2,94,1
3/14/2015,10:00,26.1,86,0
3/14/2015,11:00,28.3,81,0
3/14/2015,12:00,30.6,73,0
3/14/2015,13:00,31.7,68,0
3/14/2015,14:00,32.2,67,0
3/14/2015,15:00,31,71,0
3/14/2015,16:00,31.5,70,0
3/14/2015,17:00,31.3,69,0
3/14/2015,18:00,28.3,81,0
3/14/2015,19:00,26.1,90,0
3/14/2015,20:00,25.2,92,0
3/14/2015,21:00,24.3,93,4
3/14/2015,22:00,23.6,96,10
3/14/2015,23:00,23.6,97,12
3/15/2015,0:00,22.9,96,12
3/15/2015,1:00,22.2,96,14
3/15/2015,2:00,21.7,97,15
3/15/2015,3:00,20.9,97,15
3/15/2015,4:00,21.3,98,15
3/15/2015,5:00,21.3,98,15
3/15/2015,6:00,21.3,98,15
3/15/2015,7:00,21.9,98,15
3/15/2015,8:00,22.8,97,15
3/15/2015,9:00,24.2,93,13
3/15/2015,10:00,26.1,84,0
3/15/2015,11:00,27.6,82,0
3/15/2015,12:00,29.7,76,0
3/15/2015,13:00,30.9,72,0
3/15/2015,14:00,30.9,71,0
3/15/2015,15:00,31.3,67,0
3/15/2015,16:00,29.9,72,0
3/15/2015,17:00,28.4,79,0
3/15/2015,18:00,27,82,0
3/15/2015,19:00,25.2,88,0
3/15/2015,20:00,24,92,3
3/15/2015,21:00,24.1,96,13
3/15/2015,22:00,24.3,94,6
3/15/2015,23:00,23.4,96,12
3/16/2015,0:00,23.4,96,15
3/16/2015,1:00,23.6,97,15
3/16/2015,2:00,23.6,97,15
3/16/2015,3:00,23.2,97,15
3/16/2015,4:00,22.2,97,15
3/16/2015,5:00,22.7,98,15
3/16/2015,6:00,22.9,98,15
3/16/2015,7:00,23.7,98,15
3/16/2015,8:00,24.9,94,0
3/16/2015,9:00,26.6,88,0
3/16/2015,10:00,28.1,77,0
3/16/2015,11:00,29.8,72,0
3/16/2015,12:00,29.8,72,0
3/16/2015,13:00,30.1,65,0
3/16/2015,14:00,30.1,65,0
3/16/2015,15:00,29.6,60,0
3/16/2015,16:00,29.3,64,0
3/16/2015,17:00,28.3,66,0
3/16/2015,18:00,25.9,75,0
3/16/2015,19:00,24.7,79,0
3/16/2015,20:00,23.7,83,0
3/16/2015,21:00,21.8,89,2
3/16/2015,22:00,20.4,93,14
3/16/2015,23:00,19.3,95,15
3/17/2015,0:00,18.5,95,15
3/17/2015,1:00,17.7,96,15
3/17/2015,2:00,17.3,97,15
3/17/2015,3:00,16.7,97,15
3/17/2015,4:00,17.3,98,15
3/17/2015,5:00,17.8,98,15
3/17/2015,6:00,17.5,98,15
3/17/2015,7:00,18.1,98,15
3/17/2015,8:00,21.1,89,0
3/17/2015,9:00,24,79,0
3/17/2015,10:00,25.7,74,0
3/17/2015,11:00,27.3,67,0
3/17/2015,12:00,28.6,61,0
3/17/2015,13:00,29.2,54,0
3/17/2015,14:00,29.7,53,0
3/17/2015,15:00,29.6,51,0
3/17/2015,16:00,29.1,60,0
3/17/2015,17:00,26.8,68,0
3/17/2015,18:00,25,74,0
3/17/2015,19:00,23.4,77,0
3/17/2015,20:00,21.4,85,0
3/17/2015,21:00,21,86,0
3/17/2015,22:00,19.9,89,1
3/17/2015,23:00,18.3,94,7
3/18/2015,0:00,17.7,95,9
3/18/2015,1:00,17.2,96,11
3/18/2015,2:00,16.3,96,12
3/18/2015,3:00,15.8,96,13
3/18/2015,4:00,15.7,98,15
3/18/2015,5:00,16.4,98,15
3/18/2015,6:00,16.8,98,15
3/18/2015,7:00,17.6,98,15
3/18/2015,8:00,20.3,93,15
3/18/2015,9:00,23.1,84,0
3/18/2015,10:00,26.2,71,0
3/18/2015,11:00,27.9,68,0
3/18/2015,12:00,28.8,65,0
3/18/2015,13:00,29.3,62,0
3/18/2015,14:00,29.8,61,0
3/18/2015,15:00,29.8,59,0
3/18/2015,16:00,29.5,59,0
3/18/2015,17:00,27.8,67,0
3/18/2015,18:00,25.3,72,0
3/18/2015,19:00,23.9,78,0
3/18/2015,20:00,22.7,80,0
3/18/2015,21:00,21.6,83,0
3/18/2015,22:00,20,88,0
3/18/2015,23:00,18.4,94,8
3/19/2015,0:00,18.2,94,9
3/19/2015,1:00,17.2,95,10
3/19/2015,2:00,16.8,96,11
3/19/2015,3:00,16.4,96,12
3/19/2015,4:00,15.9,97,13
3/19/2015,5:00,15.3,97,15
3/19/2015,6:00,14.8,97,15
3/19/2015,7:00,17.2,98,15
3/19/2015,8:00,20.7,90,0
3/19/2015,9:00,24.7,77,0
3/19/2015,10:00,27.4,65,0
3/19/2015,11:00,28.7,63,0
3/19/2015,12:00,30.1,58,0
3/19/2015,13:00,30.4,56,0
3/19/2015,14:00,30.6,54,0
3/19/2015,15:00,30.4,54,0
3/19/2015,16:00,30.2,55,0
3/19/2015,17:00,29.1,61,0
3/19/2015,18:00,24.3,77,0
3/19/2015,19:00,23.5,76,0
3/19/2015,20:00,20.8,88,1
3/19/2015,21:00,19.3,92,6
3/19/2015,22:00,18.4,94,11
3/19/2015,23:00,17.7,96,12
3/20/2015,0:00,17.3,97,14
3/20/2015,1:00,17.4,97,14
3/20/2015,2:00,16.8,97,15
3/20/2015,3:00,15.9,97,15
3/20/2015,4:00,15.2,97,15
3/20/2015,5:00,15,97,15
3/20/2015,6:00,14.8,97,15
3/20/2015,7:00,16.9,98,15
3/20/2015,8:00,20.4,93,15
3/20/2015,9:00,25.2,80,0
3/20/2015,10:00,28.5,66,0
3/20/2015,11:00,30.6,62,0
3/20/2015,12:00,32.3,56,0
3/20/2015,13:00,33.4,50,0
3/20/2015,14:00,34.2,47,0
3/20/2015,15:00,34.1,47,0
3/20/2015,16:00,34.4,45,0
3/20/2015,17:00,32.3,62,0
3/20/2015,18:00,24.5,81,0
3/20/2015,19:00,22.9,90,1
3/20/2015,20:00,22.8,94,3
3/20/2015,21:00,24.9,73,0
3/20/2015,22:00,24,78,0
3/20/2015,23:00,22.4,87,0
3/21/2015,0:00,21.7,91,0
3/21/2015,1:00,21.4,93,0
3/21/2015,2:00,21.7,93,0
3/21/2015,3:00,21.4,93,3
3/21/2015,4:00,21.2,94,0
3/21/2015,5:00,21.3,95,1
3/21/2015,6:00,21.3,96,15
3/21/2015,7:00,21.8,96,15
3/21/2015,8:00,22.9,93,0
3/21/2015,9:00,25.2,85,0
3/21/2015,10:00,26.3,76,0
3/21/2015,11:00,27.3,73,0
3/21/2015,12:00,27.8,71,2
3/21/2015,13:00,25.4,77,15
3/21/2015,14:00,24.7,80,0
3/21/2015,15:00,24.1,76,0
3/21/2015,16:00,22.6,76,0
3/21/2015,17:00,21.8,69,0
3/21/2015,18:00,20.4,78,15
3/21/2015,19:00,19.5,82,1
3/21/2015,20:00,19.6,76,0
3/21/2015,21:00,19.4,77,0
3/21/2015,22:00,19.1,78,0
3/21/2015,23:00,18.3,86,0
3/22/2015,0:00,16.9,87,0
3/22/2015,1:00,16.8,88,0
3/22/2015,2:00,16.8,88,0
3/22/2015,3:00,15.6,90,0
3/22/2015,4:00,15.5,88,0
3/22/2015,5:00,14.9,88,1
3/22/2015,6:00,12.9,94,15
3/22/2015,7:00,15,96,15
3/22/2015,8:00,18.4,74,0
3/22/2015,9:00,20.4,67,0
3/22/2015,10:00,22.1,66,0
3/22/2015,11:00,23.1,61,0
3/22/2015,12:00,23.7,59,0
3/22/2015,13:00,24.1,56,0
3/22/2015,14:00,23.9,55,0
3/22/2015,15:00,23.8,54,0
3/22/2015,16:00,24,53,0
3/22/2015,17:00,23.2,58,0
3/22/2015,18:00,21.4,68,0
3/22/2015,19:00,20.2,72,0
3/22/2015,20:00,18.8,80,0
3/22/2015,21:00,18.4,84,0
3/22/2015,22:00,18.8,83,0
3/22/2015,23:00,16.8,91,1
3/23/2015,0:00,15.3,94,15
3/23/2015,1:00,14.9,96,15
3/23/2015,2:00,15.2,95,15
3/23/2015,3:00,15.2,97,15
3/23/2015,4:00,15.2,96,15
3/23/2015,5:00,14.3,96,15
3/23/2015,6:00,14.3,97,15
3/23/2015,7:00,15.7,98,15
3/23/2015,8:00,17.7,95,15
3/23/2015,9:00,21.7,81,0
3/23/2015,10:00,23.6,74,0
3/23/2015,11:00,25.7,66,0
3/23/2015,12:00,25.9,64,0
3/23/2015,13:00,26.1,62,0
3/23/2015,14:00,26.8,61,0
3/23/2015,15:00,25.6,67,0
3/23/2015,16:00,27,66,0
3/23/2015,17:00,24.5,74,10
3/23/2015,18:00,22.5,81,0
3/23/2015,19:00,20.8,87,0
3/23/2015,20:00,20.3,89,0
3/23/2015,21:00,19.6,90,1
3/23/2015,22:00,18.2,93,13
3/23/2015,23:00,17.2,95,14
3/24/2015,0:00,16.7,96,15
3/24/2015,1:00,16,96,15
3/24/2015,2:00,15.9,97,15
3/24/2015,3:00,15.3,97,15
3/24/2015,4:00,16.3,98,15
3/24/2015,5:00,16.9,98,15
3/24/2015,6:00,17.1,98,15
3/24/2015,7:00,17.7,98,15
3/24/2015,8:00,18.7,96,0
3/24/2015,9:00,22.6,83,0
3/24/2015,10:00,25.3,72,0
3/24/2015,11:00,27.4,65,0
3/24/2015,12:00,28.9,61,0
3/24/2015,13:00,29.9,57,0
3/24/2015,14:00,29.8,60,0
3/24/2015,15:00,29.6,58,0
3/24/2015,16:00,29.1,59,0
3/24/2015,17:00,27.6,68,0
3/24/2015,18:00,25.2,76,0
3/24/2015,19:00,23.9,80,0
3/24/2015,20:00,22.6,84,0
3/24/2015,21:00,20.7,90,1
3/24/2015,22:00,19.7,94,8
3/24/2015,23:00,19.1,96,10
3/25/2015,0:00,18.6,96,10
3/25/2015,1:00,18.4,96,11
3/25/2015,2:00,18.1,97,12
3/25/2015,3:00,17.6,97,12
3/25/2015,4:00,17.4,97,14
3/25/2015,5:00,16.8,97,15
3/25/2015,6:00,17.2,98,15
3/25/2015,7:00,18.1,98,15
3/25/2015,8:00,21.2,93,15
3/25/2015,9:00,26.2,73,0
3/25/2015,10:00,29.2,60,0
3/25/2015,11:00,31.2,57,0
3/25/2015,12:00,32.6,51,0
3/25/2015,13:00,34.2,45,0
3/25/2015,14:00,33.3,48,0
3/25/2015,15:00,32.1,54,0
3/25/2015,16:00,31.2,58,0
3/25/2015,17:00,28.8,74,0
3/25/2015,18:00,26.7,75,0
3/25/2015,19:00,24.4,86,0
3/25/2015,20:00,23.1,90,2
3/25/2015,21:00,22.3,93,6
3/25/2015,22:00,22.3,94,9
3/25/2015,23:00,21.8,95,12
3/26/2015,0:00,21.8,96,13
3/26/2015,1:00,21.6,95,13
3/26/2015,2:00,21.2,96,14
3/26/2015,3:00,20.7,96,14
3/26/2015,4:00,20.1,96,14
3/26/2015,5:00,19.4,96,15
3/26/2015,6:00,19.2,97,15
3/26/2015,7:00,20.3,98,15
3/26/2015,8:00,21.5,96,15
3/26/2015,9:00,22.3,93,0
3/26/2015,10:00,22.6,91,3
3/26/2015,11:00,22.7,90,0
3/26/2015,12:00,22.3,88,0
3/26/2015,13:00,22.2,86,0
3/26/2015,14:00,21.1,91,15
3/26/2015,15:00,20.8,93,10
3/26/2015,16:00,20.6,93,15
3/26/2015,17:00,20.3,94,15
3/26/2015,18:00,19.7,96,15
3/26/2015,19:00,19.6,96,14
3/26/2015,20:00,19.2,96,15
3/26/2015,21:00,18.4,94,15
3/26/2015,22:00,17.7,95,15
3/26/2015,23:00,17.8,96,15
3/27/2015,0:00,17.7,97,15
3/27/2015,1:00,17.8,97,14
3/27/2015,2:00,17.9,97,15
3/27/2015,3:00,17.9,97,15
3/27/2015,4:00,18,97,15
3/27/2015,5:00,18.1,97,15
3/27/2015,6:00,18.1,98,15
3/27/2015,7:00,18.5,98,15
3/27/2015,8:00,18.8,97,7
3/27/2015,9:00,19.3,96,0
3/27/2015,10:00,19.8,91,0
3/27/2015,11:00,20.1,86,0
3/27/2015,12:00,21.2,80,0
3/27/2015,13:00,23.8,77,0
3/27/2015,14:00,24.4,72,0
3/27/2015,15:00,23.2,79,0
3/27/2015,16:00,23.8,75,0
3/27/2015,17:00,23.4,80,0
3/27/2015,18:00,21.7,90,1
3/27/2015,19:00,20.6,93,1
3/27/2015,20:00,20.6,93,0
3/27/2015,21:00,19.8,95,5
3/27/2015,22:00,19.2,96,13
3/27/2015,23:00,17.9,96,13
3/28/2015,0:00,17.2,97,13
3/28/2015,1:00,16.7,97,14
3/28/2015,2:00,16.4,97,15
3/28/2015,3:00,15.9,97,15
3/28/2015,4:00,15.7,98,15
3/28/2015,5:00,15.7,98,15
3/28/2015,6:00,16.1,98,15
3/28/2015,7:00,17,98,15
3/28/2015,8:00,17.6,98,15
3/28/2015,9:00,19.4,98,12
3/28/2015,10:00,21.8,86,0
3/28/2015,11:00,24.2,78,0
3/28/2015,12:00,24.7,77,0
3/28/2015,13:00,26.3,72,0
3/28/2015,14:00,25.3,72,0
3/28/2015,15:00,24.7,76,0
3/28/2015,16:00,24.1,79,0
3/28/2015,17:00,23,82,0
3/28/2015,18:00,22,85,0
3/28/2015,19:00,21.3,86,0
3/28/2015,20:00,20.6,89,0
3/28/2015,21:00,20.5,89,0
3/28/2015,22:00,20.3,89,0
3/28/2015,23:00,19.6,92,1
3/29/2015,0:00,19.1,94,3
3/29/2015,1:00,18.7,94,4
3/29/2015,2:00,18.5,94,5
3/29/2015,3:00,17.2,96,5
3/29/2015,4:00,17.9,97,7
3/29/2015,5:00,18.3,97,8
3/29/2015,6:00,18.6,97,9
3/29/2015,7:00,19.2,97,10
3/29/2015,8:00,19.7,94,0
3/29/2015,9:00,21.2,91,0
3/29/2015,10:00,23.9,82,0
3/29/2015,11:00,25.9,73,0
3/29/2015,12:00,25.7,74,0
3/29/2015,13:00,26.7,69,0
3/29/2015,14:00,26.6,69,0
3/29/2015,15:00,26.8,70,0
3/29/2015,16:00,26.3,71,0
3/29/2015,17:00,25.2,73,0
3/29/2015,18:00,23.9,76,0
3/29/2015,19:00,23.2,80,0
3/29/2015,20:00,22.6,82,0
3/29/2015,21:00,22.2,81,0
3/29/2015,22:00,21.2,89,14
3/29/2015,23:00,20.1,94,11
3/30/2015,0:00,19.7,95,9
3/30/2015,1:00,19.5,96,6
3/30/2015,2:00,19.4,96,4
3/30/2015,3:00,19.3,97,11
3/30/2015,4:00,18.8,97,12
3/30/2015,5:00,18.1,97,13
3/30/2015,6:00,18.6,98,12
3/30/2015,7:00,19.2,98,10
3/30/2015,8:00,19.6,98,5
3/30/2015,9:00,20.4,98,15
3/30/2015,10:00,22.4,94,0
3/30/2015,11:00,23.8,93,0
3/30/2015,12:00,24,87,15
3/30/2015,13:00,25.6,80,0
3/30/2015,14:00,26.4,71,0
3/30/2015,15:00,26.1,70,0
3/30/2015,16:00,26.5,67,0
3/30/2015,17:00,25.1,75,0
3/30/2015,18:00,20.9,91,2
3/30/2015,19:00,19.4,94,7
3/30/2015,20:00,19,96,8
3/30/2015,21:00,18.5,96,10
3/30/2015,22:00,18.6,97,12
3/30/2015,23:00,18.4,97,14
3/31/2015,0:00,18.5,97,15
3/31/2015,1:00,18.2,97,15
3/31/2015,2:00,17.4,97,15
3/31/2015,3:00,16.5,97,15
3/31/2015,4:00,16.4,98,15
3/31/2015,5:00,16.2,98,15
3/31/2015,6:00,16.6,98,15
3/31/2015,7:00,18.6,98,15
3/31/2015,8:00,19.7,95,15
3/31/2015,9:00,21.9,87,0
3/31/2015,10:00,23.6,81,0
3/31/2015,11:00,25.2,76,0
3/31/2015,12:00,26.1,71,0
3/31/2015,13:00,27.3,66,0
3/31/2015,14:00,27.1,64,0
3/31/2015,15:00,27,66,0
3/31/2015,16:00,27.1,67,0
3/31/2015,17:00,26.8,72,0
3/31/2015,18:00,21.1,89,1
3/31/2015,19:00,19.8,93,7
3/31/2015,20:00,19.6,95,8
3/31/2015,21:00,18.9,95,8
3/31/2015,22:00,18.6,96,8
3/31/2015,23:00,18.2,97,9
4/1/2015,0:00,18.2,97,10
4/1/2015,1:00,17.8,97,11
4/1/2015,2:00,17.8,98,13
4/1/2015,3:00,17.3,97,13
4/1/2015,4:00,16.9,97,14
4/1/2015,5:00,16.7,98,14
4/1/2015,6:00,16,97,15
4/1/2015,7:00,17.3,98,15
4/1/2015,8:00,19.9,95,15
4/1/2015,9:00,22.3,86,0
4/1/2015,10:00,24.2,80,0
4/1/2015,11:00,28.2,62,0
4/1/2015,12:00,27.1,65,0
4/1/2015,13:00,27.4,63,0
4/1/2015,14:00,27,61,0
4/1/2015,15:00,26.9,58,0
4/1/2015,16:00,28,54,0
4/1/2015,17:00,25.6,68,0
4/1/2015,18:00,20.3,87,1
4/1/2015,19:00,19.3,88,0
4/1/2015,20:00,18.2,88,1
4/1/2015,21:00,16.8,92,4
4/1/2015,22:00,16.3,95,5
4/1/2015,23:00,15.5,96,7
4/2/2015,0:00,14.8,96,9
4/2/2015,1:00,14.3,97,8
4/2/2015,2:00,13.8,97,9
4/2/2015,3:00,13.8,97,15
4/2/2015,4:00,14.2,98,15
4/2/2015,5:00,13.9,98,15
4/2/2015,6:00,12.9,97,15
4/2/2015,7:00,13.5,98,15
4/2/2015,8:00,16.8,99,15
4/2/2015,9:00,21.3,88,0
4/2/2015,10:00,24.6,73,0
4/2/2015,11:00,26.7,67,0
4/2/2015,12:00,27.2,61,0
4/2/2015,13:00,29,49,0
4/2/2015,14:00,29,46,0
4/2/2015,15:00,28.6,48,0
4/2/2015,16:00,29.1,45,0
4/2/2015,17:00,25.8,63,0
4/2/2015,18:00,19.8,83,0
4/2/2015,19:00,17.9,90,3
4/2/2015,20:00,17,94,8
4/2/2015,21:00,16.6,95,10
4/2/2015,22:00,16.2,96,11
4/2/2015,23:00,15,96,13
4/3/2015,0:00,14.6,96,15
4/3/2015,1:00,14.2,97,15
4/3/2015,2:00,14.5,97,15
4/3/2015,3:00,13.9,96,15
4/3/2015,4:00,12.7,97,15
4/3/2015,5:00,12.3,97,15
4/3/2015,6:00,12.1,97,15
4/3/2015,7:00,13.2,98,15
4/3/2015,8:00,17.8,99,15
4/3/2015,9:00,24.1,82,0
4/3/2015,10:00,27.8,64,0
4/3/2015,11:00,29.8,59,0
4/3/2015,12:00,31.4,53,0
4/3/2015,13:00,32.6,45,0
4/3/2015,14:00,31.8,50,0
4/3/2015,15:00,31.1,51,0
4/3/2015,16:00,31.1,50,0
4/3/2015,17:00,28.8,61,0
4/3/2015,18:00,23.4,82,0
4/3/2015,19:00,21.4,87,1
4/3/2015,20:00,20.5,92,8
4/3/2015,21:00,19.7,93,12
4/3/2015,22:00,19.6,93,12
4/3/2015,23:00,19.2,93,12
4/4/2015,0:00,18.4,95,12
4/4/2015,1:00,18.5,95,12
4/4/2015,2:00,17.7,95,12
4/4/2015,3:00,17.2,97,13
4/4/2015,4:00,17.6,96,15
4/4/2015,5:00,17.3,95,15
4/4/2015,6:00,17.1,96,15
4/4/2015,7:00,19.1,91,15
4/4/2015,8:00,22.2,83,15
4/4/2015,9:00,26.3,68,0
4/4/2015,10:00,28.9,60,0
4/4/2015,11:00,30.4,56,0
4/4/2015,12:00,30.7,59,0
4/4/2015,13:00,31.9,52,0
4/4/2015,14:00,31.7,54,0
4/4/2015,15:00,31.1,58,0
4/4/2015,16:00,30,67,0
4/4/2015,17:00,26.9,79,0
4/4/2015,18:00,23.8,86,0
4/4/2015,19:00,22.9,92,5
4/4/2015,20:00,22,94,13
4/4/2015,21:00,20.9,95,14
4/4/2015,22:00,21.1,96,14
4/4/2015,23:00,20.7,97,15
4/5/2015,0:00,20.7,95,15
4/5/2015,1:00,20.2,94,15
4/5/2015,2:00,21.6,92,15
4/5/2015,3:00,21.3,95,15
4/5/2015,4:00,21.2,96,15
4/5/2015,5:00,20.8,96,12
4/5/2015,6:00,20.5,97,14
4/5/2015,7:00,20.8,98,14
4/5/2015,8:00,20.9,97,10
4/5/2015,9:00,21.4,98,11
4/5/2015,10:00,21.3,97,12
4/5/2015,11:00,21.1,95,13
4/5/2015,12:00,21.1,96,15
4/5/2015,13:00,21.1,97,12
4/5/2015,14:00,20.7,96,11
4/5/2015,15:00,20.2,96,9
4/5/2015,16:00,19.8,97,11
4/5/2015,17:00,19.4,97,10
4/5/2015,18:00,19.1,97,13
4/5/2015,19:00,18.8,97,12
4/5/2015,20:00,18.7,98,15
4/5/2015,21:00,18.4,97,15
4/5/2015,22:00,18.6,98,15
4/5/2015,23:00,18.7,98,15
4/6/2015,0:00,19.8,97,15
4/6/2015,1:00,19.7,96,15
4/6/2015,2:00,19.8,96,15
4/6/2015,3:00,19.6,96,15
4/6/2015,4:00,19.3,97,15
4/6/2015,5:00,19,96,15
4/6/2015,6:00,18.2,97,15
4/6/2015,7:00,18.6,98,15
4/6/2015,8:00,19.8,93,0
4/6/2015,9:00,21.6,89,0
4/6/2015,10:00,21.6,87,15
4/6/2015,11:00,22.3,80,0
4/6/2015,12:00,23.6,68,0
4/6/2015,13:00,24.1,59,0
4/6/2015,14:00,24.2,55,0
4/6/2015,15:00,23.6,60,0
4/6/2015,16:00,23,56,0
4/6/2015,17:00,21.7,62,0
4/6/2015,18:00,20,69,0
4/6/2015,19:00,19.7,76,0
4/6/2015,20:00,17.9,86,0
4/6/2015,21:00,16.5,90,3
4/6/2015,22:00,16.8,92,0
4/6/2015,23:00,16.7,93,2
4/7/2015,0:00,16.7,94,1
4/7/2015,1:00,15.8,95,15
4/7/2015,2:00,14.6,96,15
4/7/2015,3:00,13.8,97,15
4/7/2015,4:00,13.7,97,15
4/7/2015,5:00,13.4,97,15
4/7/2015,6:00,13.7,98,15
4/7/2015,7:00,14.3,98,15
4/7/2015,8:00,15.1,98,15
4/7/2015,9:00,19.1,84,0
4/7/2015,10:00,21.5,72,0
4/7/2015,11:00,22.2,60,0
4/7/2015,12:00,24.3,57,0
4/7/2015,13:00,24.6,54,0
4/7/2015,14:00,24.1,57,0
4/7/2015,15:00,24.1,53,0
4/7/2015,16:00,23.9,53,0
4/7/2015,17:00,22.4,63,0
4/7/2015,18:00,18.6,81,0
4/7/2015,19:00,17.1,82,0
4/7/2015,20:00,16.6,81,0
4/7/2015,21:00,15.1,88,1
4/7/2015,22:00,14.3,90,14
4/7/2015,23:00,14.1,93,15
4/8/2015,0:00,13.6,94,15
4/8/2015,1:00,12.8,95,15
4/8/2015,2:00,12.8,97,15
4/8/2015,3:00,12.5,96,15
4/8/2015,4:00,11.9,96,15
4/8/2015,5:00,11.2,97,15
4/8/2015,6:00,10.8,97,15
4/8/2015,7:00,12,98,15
4/8/2015,8:00,14.6,98,15
4/8/2015,9:00,19.9,81,0
4/8/2015,10:00,23.7,68,0
4/8/2015,11:00,25.4,60,0
4/8/2015,12:00,26.4,55,0
4/8/2015,13:00,27.3,55,0
4/8/2015,14:00,26.6,55,0
4/8/2015,15:00,26.7,54,0
4/8/2015,16:00,26.2,57,0
4/8/2015,17:00,23.4,70,0
4/8/2015,18:00,19.4,86,2
4/8/2015,19:00,17.7,92,11
4/8/2015,20:00,16.9,94,15
4/8/2015,21:00,16.4,96,15
4/8/2015,22:00,16.4,96,15
4/8/2015,23:00,15.6,96,15
4/9/2015,0:00,15.3,97,15
4/9/2015,1:00,15.3,97,15
4/9/2015,2:00,14.7,97,15
4/9/2015,3:00,14.5,97,15
4/9/2015,4:00,13.7,97,15
4/9/2015,5:00,13.5,97,15
4/9/2015,6:00,13.8,98,15
4/9/2015,7:00,14.8,98,15
4/9/2015,8:00,17.4,98,15
4/9/2015,9:00,22.9,77,0
4/9/2015,10:00,25.9,66,0
4/9/2015,11:00,27.7,61,0
4/9/2015,12:00,28.7,56,0
4/9/2015,13:00,29.2,57,0
4/9/2015,14:00,28.9,55,0
4/9/2015,15:00,28.3,59,0
4/9/2015,16:00,28.4,57,0
4/9/2015,17:00,24.7,77,0
4/9/2015,18:00,21.4,87,2
4/9/2015,19:00,19.6,92,14
4/9/2015,20:00,19.1,95,15
4/9/2015,21:00,18.2,95,15
4/9/2015,22:00,17.8,97,15
4/9/2015,23:00,17.1,96,15
4/10/2015,0:00,16.3,97,15
4/10/2015,1:00,15.6,97,15
4/10/2015,2:00,14.8,97,15
4/10/2015,3:00,14.7,98,15
4/10/2015,4:00,15.3,98,15
4/10/2015,5:00,14.3,97,15
4/10/2015,6:00,13.8,97,15
4/10/2015,7:00,14.8,98,15
4/10/2015,8:00,17.3,99,15
4/10/2015,9:00,21.3,89,0
4/10/2015,10:00,25.1,76,0
4/10/2015,11:00,26.8,71,0
4/10/2015,12:00,28.3,60,0
4/10/2015,13:00,29.9,58,0
4/10/2015,14:00,28.5,56,0
4/10/2015,15:00,28.3,58,0
4/10/2015,16:00,27.9,59,0
4/10/2015,17:00,24.3,77,0
4/10/2015,18:00,20.6,89,5
4/10/2015,19:00,18.8,92,15
4/10/2015,20:00,18.2,95,15
4/10/2015,21:00,17.2,95,15
4/10/2015,22:00,16.8,96,15
4/10/2015,23:00,16,97,15
4/11/2015,0:00,16.9,97,15
4/11/2015,1:00,16.6,97,15
4/11/2015,2:00,14.3,96,15
4/11/2015,3:00,13.4,97,15
4/11/2015,4:00,13.4,97,15
4/11/2015,5:00,13.1,97,15
4/11/2015,6:00,13.1,97,15
4/11/2015,7:00,14.1,98,15
4/11/2015,8:00,16.8,99,15
4/11/2015,9:00,21.4,89,15
4/11/2015,10:00,25.7,72,0
4/11/2015,11:00,27.6,65,0
4/11/2015,12:00,29.1,60,0
4/11/2015,13:00,30.7,57,0
4/11/2015,14:00,29.8,51,0
4/11/2015,15:00,29.4,55,0
4/11/2015,16:00,29.2,55,0
4/11/2015,17:00,24.9,75,0
4/11/2015,18:00,20.8,88,6
4/11/2015,19:00,19.4,92,15
4/11/2015,20:00,18.9,92,15
4/11/2015,21:00,17.6,95,15
4/11/2015,22:00,16.9,96,15
4/11/2015,23:00,16.5,95,15
4/12/2015,0:00,15.8,96,15
4/12/2015,1:00,15.6,97,15
4/12/2015,2:00,15.3,97,15
4/12/2015,3:00,16.2,98,15
4/12/2015,4:00,16.4,97,15
4/12/2015,5:00,16.7,98,15
4/12/2015,6:00,16.7,97,15
4/12/2015,7:00,17.1,98,15
4/12/2015,8:00,18.7,95,15
4/12/2015,9:00,20.9,89,0
4/12/2015,10:00,23.1,83,0
4/12/2015,11:00,25.4,76,0
4/12/2015,12:00,26.8,72,0
4/12/2015,13:00,27.4,68,0
4/12/2015,14:00,25.3,74,0
4/12/2015,15:00,25.4,74,0
4/12/2015,16:00,24.4,77,0
4/12/2015,17:00,23.3,81,0
4/12/2015,18:00,21.1,87,8
4/12/2015,19:00,20.4,89,1
4/12/2015,20:00,19.1,92,14
4/12/2015,21:00,19.3,89,0
4/12/2015,22:00,18.5,90,3
4/12/2015,23:00,18.3,89,1
4/13/2015,0:00,16.8,92,11
4/13/2015,1:00,15.6,95,14
4/13/2015,2:00,14.9,95,15
4/13/2015,3:00,14.3,96,15
4/13/2015,4:00,14.2,97,15
4/13/2015,5:00,14.7,98,15
4/13/2015,6:00,15.9,98,15
4/13/2015,7:00,16.5,98,15
4/13/2015,8:00,17.3,98,15
4/13/2015,9:00,19.6,94,0
4/13/2015,10:00,23,82,0
4/13/2015,11:00,24.7,75,0
4/13/2015,12:00,26,68,0
4/13/2015,13:00,27.4,64,0
4/13/2015,14:00,27.2,64,0
4/13/2015,15:00,27.2,64,0
4/13/2015,16:00,26.6,66,0
4/13/2015,17:00,24.7,74,0
4/13/2015,18:00,22.7,79,1
4/13/2015,19:00,21.7,82,1
4/13/2015,20:00,20.6,86,3
4/13/2015,21:00,18.7,92,15
4/13/2015,22:00,17.9,95,15
4/13/2015,23:00,17.2,96,15
4/14/2015,0:00,16.7,96,15
4/14/2015,1:00,16.6,97,15
4/14/2015,2:00,16.3,97,15
4/14/2015,3:00,16.2,97,15
4/14/2015,4:00,16.3,97,15
4/14/2015,5:00,16.3,97,15
4/14/2015,6:00,15.9,97,15
4/14/2015,7:00,17.2,98,15
4/14/2015,8:00,19.4,94,15
4/14/2015,9:00,23.4,82,0
4/14/2015,10:00,26.7,73,0
4/14/2015,11:00,28.8,69,0
4/14/2015,12:00,29.8,64,0
4/14/2015,13:00,31.6,60,0
4/14/2015,14:00,30.5,63,0
4/14/2015,15:00,30.2,66,0
4/14/2015,16:00,28.8,70,0
4/14/2015,17:00,25.2,78,15
4/14/2015,18:00,23.1,88,15
4/14/2015,19:00,21.9,93,15
4/14/2015,20:00,21.6,95,15
4/14/2015,21:00,21.4,94,15
4/14/2015,22:00,21.3,96,15
4/14/2015,23:00,20.9,96,15
4/15/2015,0:00,20.8,96,15
4/15/2015,1:00,20.6,97,15
4/15/2015,2:00,20.4,97,15
4/15/2015,3:00,20.6,98,15
4/15/2015,4:00,20.5,97,15
4/15/2015,5:00,20.4,98,15
4/15/2015,6:00,20.4,98,15
4/15/2015,7:00,20.7,98,15
4/15/2015,8:00,21.2,98,15
4/15/2015,9:00,21.4,98,15
4/15/2015,10:00,22.3,96,0
4/15/2015,11:00,23.4,91,15
4/15/2015,12:00,23.1,94,3
4/15/2015,13:00,23.5,90,0
4/15/2015,14:00,23.8,90,0
4/15/2015,15:00,23.9,89,0
4/15/2015,16:00,23.7,91,0
4/15/2015,17:00,23.1,94,0
4/15/2015,18:00,22.6,95,4
4/15/2015,19:00,21.2,95,15
4/15/2015,20:00,20.9,97,14
4/15/2015,21:00,20.7,97,14
4/15/2015,22:00,20.9,98,15
4/15/2015,23:00,21.2,97,14
4/16/2015,0:00,21.2,97,13
4/16/2015,1:00,21.2,97,13
4/16/2015,2:00,21.1,97,14
4/16/2015,3:00,20.9,97,15
4/16/2015,4:00,20.7,97,15
4/16/2015,5:00,20.2,97,14
4/16/2015,6:00,20.3,98,14
4/16/2015,7:00,20.7,96,4
4/16/2015,8:00,21.6,92,0
4/16/2015,9:00,22.8,89,0
4/16/2015,10:00,23.7,84,0
4/16/2015,11:00,24.8,80,0
4/16/2015,12:00,25.6,76,0
4/16/2015,13:00,26,71,0
4/16/2015,14:00,26.1,72,0
4/16/2015,15:00,26.1,75,0
4/16/2015,16:00,25.3,74,0
4/16/2015,17:00,24.3,79,0
4/16/2015,18:00,23.3,84,0
4/16/2015,19:00,22.1,85,0
4/16/2015,20:00,21.3,86,0
4/16/2015,21:00,20.7,89,0
4/16/2015,22:00,19.8,92,2
4/16/2015,23:00,19.2,94,13
4/17/2015,0:00,18.6,95,14
4/17/2015,1:00,17.7,96,15
4/17/2015,2:00,16.9,97,15
4/17/2015,3:00,16.6,97,15
4/17/2015,4:00,16.3,97,15
4/17/2015,5:00,15.4,97,15
4/17/2015,6:00,15.2,97,15
4/17/2015,7:00,16.1,98,15
4/17/2015,8:00,18.6,98,15
4/17/2015,9:00,23.8,78,0
4/17/2015,10:00,26.2,73,0
4/17/2015,11:00,28.2,65,0
4/17/2015,12:00,29.1,66,0
4/17/2015,13:00,30.1,60,0
4/17/2015,14:00,29.8,71,0
4/17/2015,15:00,28.3,76,0
4/17/2015,16:00,26.4,86,1
4/17/2015,17:00,24.6,91,3
4/17/2015,18:00,23.4,94,4
4/17/2015,19:00,22.8,87,15
4/17/2015,20:00,19.9,95,10
4/17/2015,21:00,19.8,96,9
4/17/2015,22:00,19.6,97,7
4/17/2015,23:00,19.6,97,11
4/18/2015,0:00,19.6,97,10
4/18/2015,1:00,19.6,97,11
4/18/2015,2:00,19.6,97,13
4/18/2015,3:00,19.3,97,14
4/18/2015,4:00,19.3,98,14
4/18/2015,5:00,19.6,98,14
4/18/2015,6:00,19.7,98,15
4/18/2015,7:00,19.7,98,15
4/18/2015,8:00,20,98,3
4/18/2015,9:00,20.6,96,0
4/18/2015,10:00,22,85,0
4/18/2015,11:00,23.3,82,0
4/18/2015,12:00,23.6,78,0
4/18/2015,13:00,24.7,74,0
4/18/2015,14:00,24.4,75,0
4/18/2015,15:00,24.5,71,0
4/18/2015,16:00,24.1,73,0
4/18/2015,17:00,21.7,87,0
4/18/2015,18:00,18.4,92,10
4/18/2015,19:00,17.1,95,11
4/18/2015,20:00,16.7,96,13
4/18/2015,21:00,16,97,15
4/18/2015,22:00,15.5,97,15
4/18/2015,23:00,15.4,97,15
4/19/2015,0:00,15.7,98,15
4/19/2015,1:00,15.9,98,15
4/19/2015,2:00,16.1,98,15
4/19/2015,3:00,16.6,98,15
4/19/2015,4:00,16.4,98,15
4/19/2015,5:00,16.2,98,14
4/19/2015,6:00,15.7,98,13
4/19/2015,7:00,15.8,98,10
4/19/2015,8:00,16.6,99,0
4/19/2015,9:00,19.6,94,0
4/19/2015,10:00,23.3,80,0
4/19/2015,11:00,24.8,73,0
4/19/2015,12:00,26.3,72,0
4/19/2015,13:00,28.1,66,0
4/19/2015,14:00,27.5,70,0
4/19/2015,15:00,27.6,70,0
4/19/2015,16:00,27.4,72,0
4/19/2015,17:00,25.2,84,1
4/19/2015,18:00,22.4,93,9
4/19/2015,19:00,22.3,95,2
4/19/2015,20:00,22.1,95,9
4/19/2015,21:00,21.6,96,10
4/19/2015,22:00,21.5,96,1
4/19/2015,23:00,21.5,96,1
4/20/2015,0:00,20.9,96,11
4/20/2015,1:00,21.2,97,12
4/20/2015,2:00,21.2,97,15
4/20/2015,3:00,21.1,97,15
4/20/2015,4:00,20.9,97,15
4/20/2015,5:00,21.3,98,11
4/20/2015,6:00,21.3,98,7
4/20/2015,7:00,21.3,98,9
4/20/2015,8:00,21.7,98,13
4/20/2015,9:00,21.7,98,9
4/20/2015,10:00,21.6,98,5
4/20/2015,11:00,21.4,98,5
4/20/2015,12:00,21.4,98,5
4/20/2015,13:00,21.4,98,8
4/20/2015,14:00,22,98,11
4/20/2015,15:00,22.5,98,1
4/20/2015,16:00,22.4,97,15
4/20/2015,17:00,22.6,96,2
4/20/2015,18:00,21.6,97,14
4/20/2015,19:00,21.8,98,15
4/20/2015,20:00,21.8,98,15
4/20/2015,21:00,21.7,98,15
4/20/2015,22:00,21.3,98,15
4/20/2015,23:00,21.1,98,15
4/21/2015,0:00,21,98,15
4/21/2015,1:00,20.9,98,15
4/21/2015,2:00,20.9,98,15
4/21/2015,3:00,20.6,98,15
4/21/2015,4:00,20.6,98,15
4/21/2015,5:00,20.5,98,15
4/21/2015,6:00,20.1,96,15
4/21/2015,7:00,20,97,15
4/21/2015,8:00,20.3,95,3
4/21/2015,9:00,21.2,93,0
4/21/2015,10:00,22.9,87,0
4/21/2015,11:00,23.5,82,0
4/21/2015,12:00,23.9,80,0
4/21/2015,13:00,24.3,72,0
4/21/2015,14:00,24.4,71,0
4/21/2015,15:00,23.3,72,0
4/21/2015,16:00,22.9,72,0
4/21/2015,17:00,21.4,75,0
4/21/2015,18:00,19.9,82,0
4/21/2015,19:00,18.6,86,0
4/21/2015,20:00,18.7,86,0
4/21/2015,21:00,18.3,88,0
4/21/2015,22:00,17.4,93,0
4/21/2015,23:00,17.4,93,0
4/22/2015,0:00,17.4,94,0
4/22/2015,1:00,17.8,90,0
4/22/2015,2:00,17.8,90,0
4/22/2015,3:00,17.8,91,0
4/22/2015,4:00,17.7,90,0
4/22/2015,5:00,17.5,92,0
4/22/2015,6:00,17.1,91,0
4/22/2015,7:00,17.2,93,0
4/22/2015,8:00,18.5,87,0
4/22/2015,9:00,19.3,84,0
4/22/2015,10:00,21,78,0
4/22/2015,11:00,21.2,73,0
4/22/2015,12:00,22.7,66,0
4/22/2015,13:00,22.1,68,0
4/22/2015,14:00,21.7,74,0
4/22/2015,15:00,21.4,77,0
4/22/2015,16:00,20.8,85,0
4/22/2015,17:00,19.8,83,11
4/22/2015,18:00,19.2,85,0
4/22/2015,19:00,18.8,87,0
4/22/2015,20:00,18.8,87,1
4/22/2015,21:00,18.3,88,0
4/22/2015,22:00,18.2,89,15
4/22/2015,23:00,18,91,0
4/23/2015,0:00,17.9,91,0
4/23/2015,1:00,17.6,91,1
4/23/2015,2:00,17.3,92,0
4/23/2015,3:00,17.2,93,0
4/23/2015,4:00,17.1,94,15
4/23/2015,5:00,17.2,95,1
4/23/2015,6:00,17.3,95,15
4/23/2015,7:00,17.5,96,15
4/23/2015,8:00,18.2,95,13
4/23/2015,9:00,18.9,93,0
4/23/2015,10:00,19.6,92,13
4/23/2015,11:00,19.6,92,13
4/23/2015,12:00,20.3,90,3
4/23/2015,13:00,20.8,89,0
4/23/2015,14:00,21.6,87,0
4/23/2015,15:00,21.7,85,0
4/23/2015,16:00,21.1,89,0
4/23/2015,17:00,20.8,89,0
4/23/2015,18:00,19.3,93,12
4/23/2015,19:00,19.2,94,0
4/23/2015,20:00,19.1,95,1
4/23/2015,21:00,17.7,96,15
4/23/2015,22:00,17.3,97,15
4/23/2015,23:00,17.2,97,15
4/24/2015,0:00,16.8,97,15
4/24/2015,1:00,17.3,98,15
4/24/2015,2:00,17.6,98,15
4/24/2015,3:00,17.9,98,15
4/24/2015,4:00,17.4,98,15
4/24/2015,5:00,17.8,98,15
4/24/2015,6:00,18.1,98,13
4/24/2015,7:00,18.1,98,10
4/24/2015,8:00,18.6,98,4
4/24/2015,9:00,19.1,98,2
4/24/2015,10:00,19.8,96,0
4/24/2015,11:00,20.9,92,0
4/24/2015,12:00,22.1,86,0
4/24/2015,13:00,24.5,81,0
4/24/2015,14:00,23.4,81,0
4/24/2015,15:00,22.7,81,0
4/24/2015,16:00,23.3,76,0
4/24/2015,17:00,21.2,81,0
4/24/2015,18:00,20.3,85,0
4/24/2015,19:00,19.7,87,0
4/24/2015,20:00,18.7,91,0
4/24/2015,21:00,18.1,95,1
4/24/2015,22:00,17,95,15
4/24/2015,23:00,17.1,96,15
4/25/2015,0:00,17,97,15
4/25/2015,1:00,16.7,97,15
4/25/2015,2:00,16.4,98,15
4/25/2015,3:00,16.8,98,15
4/25/2015,4:00,16.7,98,15
4/25/2015,5:00,16.2,98,15
4/25/2015,6:00,16.2,98,15
4/25/2015,7:00,16.6,98,15
4/25/2015,8:00,17.3,98,15
4/25/2015,9:00,18.5,96,15
4/25/2015,10:00,20.6,89,0
4/25/2015,11:00,21.4,82,0
4/25/2015,12:00,22.8,79,0
4/25/2015,13:00,24.4,69,0
4/25/2015,14:00,24.1,69,0
4/25/2015,15:00,23.1,68,0
4/25/2015,16:00,22.9,72,0
4/25/2015,17:00,19.9,86,0
4/25/2015,18:00,17.4,94,14
4/25/2015,19:00,16.6,95,15
4/25/2015,20:00,16.2,97,15
4/25/2015,21:00,16.1,97,15
4/25/2015,22:00,15.2,96,15
4/25/2015,23:00,14.5,97,15
4/26/2015,0:00,14.3,98,15
4/26/2015,1:00,14.2,98,15
4/26/2015,2:00,13.9,97,15
4/26/2015,3:00,13.6,98,15
4/26/2015,4:00,13.7,98,15
4/26/2015,5:00,13.7,98,15
4/26/2015,6:00,13.3,98,15
4/26/2015,7:00,13,98,14
4/26/2015,8:00,14.6,99,9
4/26/2015,9:00,17.7,93,0
4/26/2015,10:00,21.4,83,0
4/26/2015,11:00,23,75,0
4/26/2015,12:00,24.9,68,0
4/26/2015,13:00,25.6,64,0
4/26/2015,14:00,25.1,66,0
4/26/2015,15:00,24.9,64,0
4/26/2015,16:00,24.6,70,0
4/26/2015,17:00,21.8,83,0
4/26/2015,18:00,18.8,92,8
4/26/2015,19:00,17.5,95,10
4/26/2015,20:00,16.8,96,12
4/26/2015,21:00,16.6,97,14
4/26/2015,22:00,15.8,97,15
4/26/2015,23:00,16.4,97,15
4/27/2015,0:00,15.8,97,15
4/27/2015,1:00,15.2,97,15
4/27/2015,2:00,14.4,97,15
4/27/2015,3:00,13.6,97,15
4/27/2015,4:00,13.4,98,15
4/27/2015,5:00,13.1,98,15
4/27/2015,6:00,12.7,98,15
4/27/2015,7:00,13.3,98,15
4/27/2015,8:00,15.4,99,15
4/27/2015,9:00,18.5,93,0
4/27/2015,10:00,21.9,81,0
4/27/2015,11:00,23.9,69,0
4/27/2015,12:00,25.2,68,0
4/27/2015,13:00,26.1,64,0
4/27/2015,14:00,25.6,63,0
4/27/2015,15:00,24.9,66,0
4/27/2015,16:00,24.5,71,0
4/27/2015,17:00,22.2,81,0
4/27/2015,18:00,19.9,85,0
4/27/2015,19:00,19,87,1
4/27/2015,20:00,16.8,94,10
4/27/2015,21:00,15.9,95,11
4/27/2015,22:00,15.2,96,14
4/27/2015,23:00,14.8,97,15
4/28/2015,0:00,14.5,97,15
4/28/2015,1:00,14.6,98,15
4/28/2015,2:00,14.2,97,15
4/28/2015,3:00,14.6,98,15
4/28/2015,4:00,14.4,98,15
4/28/2015,5:00,14.4,98,15
4/28/2015,6:00,14.3,98,15
4/28/2015,7:00,14.7,98,15
4/28/2015,8:00,15.4,100,15
4/28/2015,9:00,16.4,99,0
4/28/2015,10:00,19.1,95,0
4/28/2015,11:00,21.8,82,0
4/28/2015,12:00,23.1,77,0
4/28/2015,13:00,23.6,75,0
4/28/2015,14:00,23.1,76,0
4/28/2015,15:00,24,71,0
4/28/2015,16:00,23.2,71,0
4/28/2015,17:00,21.1,75,0
4/28/2015,18:00,19.5,84,1
4/28/2015,19:00,17.6,91,13
4/28/2015,20:00,16.7,94,14
4/28/2015,21:00,16.2,95,14
4/28/2015,22:00,17.3,97,15
4/28/2015,23:00,17.7,94,15
4/29/2015,0:00,17.8,93,15
4/29/2015,1:00,17.4,93,15
4/29/2015,2:00,17.4,92,1
4/29/2015,3:00,15.7,94,15
4/29/2015,4:00,14.2,96,15
4/29/2015,5:00,14.4,97,15
4/29/2015,6:00,13.3,96,15
4/29/2015,7:00,13.6,98,15
4/29/2015,8:00,15.7,94,15
4/29/2015,9:00,19.3,74,0
4/29/2015,10:00,20.9,64,0
4/29/2015,11:00,22.3,59,0
4/29/2015,12:00,22.7,56,0
4/29/2015,13:00,23.1,54,0
4/29/2015,14:00,22.8,54,0
4/29/2015,15:00,22.4,60,0
4/29/2015,16:00,21.5,63,0
4/29/2015,17:00,19.8,73,0
4/29/2015,18:00,18.4,76,0
4/29/2015,19:00,17.6,79,0
4/29/2015,20:00,15.6,87,2
4/29/2015,21:00,14.3,91,15
4/29/2015,22:00,13.7,94,15
4/29/2015,23:00,13.3,94,15
4/30/2015,0:00,13.2,96,15
4/30/2015,1:00,13.7,96,15
4/30/2015,2:00,13.4,96,15
4/30/2015,3:00,13.4,97,15
4/30/2015,4:00,13.7,97,15
4/30/2015,5:00,13.8,97,15
4/30/2015,6:00,14.2,97,14
4/30/2015,7:00,14.2,97,15
4/30/2015,8:00,14.5,97,15
4/30/2015,9:00,15.8,97,4
4/30/2015,10:00,17.2,94,0
4/30/2015,11:00,17.8,90,0
4/30/2015,12:00,18.2,86,0
4/30/2015,13:00,19.3,83,0
4/30/2015,14:00,19.5,81,0
4/30/2015,15:00,19.8,81,0
4/30/2015,16:00,19.3,83,0
4/30/2015,17:00,18.3,87,0
4/30/2015,18:00,15.7,93,13
4/30/2015,19:00,14.6,95,14
4/30/2015,20:00,13.8,96,15
4/30/2015,21:00,13.4,97,15
4/30/2015,22:00,12.9,97,15
4/30/2015,23:00,12.9,97,15
5/1/2015,0:00,12.7,97,15
5/1/2015,1:00,13.3,98,15
5/1/2015,2:00,13.7,98,15
5/1/2015,3:00,13.8,98,15
5/1/2015,4:00,13.7,98,15
5/1/2015,5:00,13.4,98,15
5/1/2015,6:00,13.2,98,15
5/1/2015,7:00,13.4,98,15
5/1/2015,8:00,14.1,98,15
5/1/2015,9:00,14.6,98,15
5/1/2015,10:00,18.2,91,10
5/1/2015,11:00,21.2,81,0
5/1/2015,12:00,22.9,74,0
5/1/2015,13:00,23.5,69,0
5/1/2015,14:00,23.3,70,0
5/1/2015,15:00,22.7,73,0
5/1/2015,16:00,21.8,79,0
5/1/2015,17:00,19.8,87,1
5/1/2015,18:00,17.8,92,13
5/1/2015,19:00,16.6,94,13
5/1/2015,20:00,15.9,96,14
5/1/2015,21:00,15,96,15
5/1/2015,22:00,14.7,97,15
5/1/2015,23:00,14.6,97,15
5/2/2015,0:00,14.1,97,15
5/2/2015,1:00,13.7,97,15
5/2/2015,2:00,13.2,97,15
5/2/2015,3:00,12.4,97,15
5/2/2015,4:00,11.7,97,15
5/2/2015,5:00,11.1,97,15
5/2/2015,6:00,12.2,98,15
5/2/2015,7:00,13.9,98,15
5/2/2015,8:00,16,98,15
5/2/2015,9:00,18.2,93,15
5/2/2015,10:00,21,81,0
5/2/2015,11:00,22.9,74,0
5/2/2015,12:00,24.1,71,0
5/2/2015,13:00,23.9,72,0
5/2/2015,14:00,23.9,75,0
5/2/2015,15:00,23.6,77,0
5/2/2015,16:00,22,82,1
5/2/2015,17:00,21.1,83,15
5/2/2015,18:00,20.1,89,0
5/2/2015,19:00,19,93,1
5/2/2015,20:00,18.8,93,0
5/2/2015,21:00,19.6,93,15
5/2/2015,22:00,18.7,96,15
5/2/2015,23:00,18.8,96,14
5/3/2015,0:00,18.4,97,13
5/3/2015,1:00,18.4,97,12
5/3/2015,2:00,18.1,97,10
5/3/2015,3:00,17.8,94,4
5/3/2015,4:00,18.1,91,1
5/3/2015,5:00,18.4,87,0
5/3/2015,6:00,17.7,92,0
5/3/2015,7:00,17.5,94,0
5/3/2015,8:00,18.2,95,0
5/3/2015,9:00,19.3,92,0
5/3/2015,10:00,19.7,92,8
5/3/2015,11:00,19.7,93,12
5/3/2015,12:00,19.4,92,13
5/3/2015,13:00,19,94,7
5/3/2015,14:00,18.6,93,10
5/3/2015,15:00,19.6,91,1
5/3/2015,16:00,19.4,91,2
5/3/2015,17:00,19.1,92,2
5/3/2015,18:00,18.5,95,4
5/3/2015,19:00,18.4,96,9
5/3/2015,20:00,18.2,96,13
5/3/2015,21:00,18.1,97,14
5/3/2015,22:00,18.1,97,14
5/3/2015,23:00,17.4,96,15
5/4/2015,0:00,16.8,96,13
5/4/2015,1:00,15.7,96,7
5/4/2015,2:00,14.1,96,7
5/4/2015,3:00,13.7,96,7
5/4/2015,4:00,13.3,96,10
5/4/2015,5:00,13.3,97,7
5/4/2015,6:00,12.6,96,9
5/4/2015,7:00,12.8,98,7
5/4/2015,8:00,13.8,97,2
5/4/2015,9:00,14.4,96,15
5/4/2015,10:00,14.9,95,1
5/4/2015,11:00,16.3,89,0
5/4/2015,12:00,18.4,79,0
5/4/2015,13:00,18.8,73,0
5/4/2015,14:00,18.6,70,0
5/4/2015,15:00,18.7,70,0
5/4/2015,16:00,17.9,70,0
5/4/2015,17:00,14.3,87,1
5/4/2015,18:00,12.5,91,14
5/4/2015,19:00,10.7,94,15
5/4/2015,20:00,9.9,96,15
5/4/2015,21:00,9.3,95,15
5/4/2015,22:00,8.9,97,15
5/4/2015,23:00,8.2,96,15
5/5/2015,0:00,9,97,15
5/5/2015,1:00,8.7,97,15
5/5/2015,2:00,7.3,96,15
5/5/2015,3:00,6.6,96,15
5/5/2015,4:00,6.5,97,15
5/5/2015,5:00,5.3,96,15
5/5/2015,6:00,5,97,15
5/5/2015,7:00,5.1,98,14
5/5/2015,8:00,8.2,98,14
5/5/2015,9:00,11.5,94,0
5/5/2015,10:00,15.2,86,0
5/5/2015,11:00,17.3,69,0
5/5/2015,12:00,18.8,66,0
5/5/2015,13:00,19.4,60,0
5/5/2015,14:00,19.2,62,0
5/5/2015,15:00,18.9,64,0
5/5/2015,16:00,19.1,63,0
5/5/2015,17:00,15,84,0
5/5/2015,18:00,12.6,92,13
5/5/2015,19:00,11.2,94,15
5/5/2015,20:00,10.9,96,15
5/5/2015,21:00,9.8,95,15
5/5/2015,22:00,9.3,96,15
5/5/2015,23:00,10,97,15
5/6/2015,0:00,9.9,97,15
5/6/2015,1:00,9.3,97,15
5/6/2015,2:00,8.9,97,15
5/6/2015,3:00,8.1,97,15
5/6/2015,4:00,8.7,98,15
5/6/2015,5:00,8.3,97,15
5/6/2015,6:00,8.5,98,15
5/6/2015,7:00,8.9,98,15
5/6/2015,8:00,9.8,98,14
5/6/2015,9:00,12.2,99,0
5/6/2015,10:00,15.6,89,0
5/6/2015,11:00,18.6,78,0
5/6/2015,12:00,20.2,75,0
5/6/2015,13:00,21.7,70,0
5/6/2015,14:00,21.5,74,0
5/6/2015,15:00,20.9,74,0
5/6/2015,16:00,20.1,77,0
5/6/2015,17:00,17.9,80,0
5/6/2015,18:00,16.7,81,0
5/6/2015,19:00,14.4,88,1
5/6/2015,20:00,13.2,94,13
5/6/2015,21:00,11.8,96,14
5/6/2015,22:00,10.9,95,15
5/6/2015,23:00,10.5,96,15
5/7/2015,0:00,10.6,97,15
5/7/2015,1:00,10.6,97,15
5/7/2015,2:00,9.8,97,15
5/7/2015,3:00,9.4,97,15
5/7/2015,4:00,9,97,15
5/7/2015,5:00,8.2,97,15
5/7/2015,6:00,7.8,97,15
5/7/2015,7:00,8.3,98,15
5/7/2015,8:00,11,98,15
5/7/2015,9:00,14.2,83,15
5/7/2015,10:00,16.3,79,0
5/7/2015,11:00,17.2,74,0
5/7/2015,12:00,18.9,69,0
5/7/2015,13:00,18.6,68,0
5/7/2015,14:00,18.4,65,0
5/7/2015,15:00,18.7,65,0
5/7/2015,16:00,18.2,68,0
5/7/2015,17:00,16.7,77,0
5/7/2015,18:00,13.1,90,12
5/7/2015,19:00,11.7,93,15
5/7/2015,20:00,11.6,94,15
5/7/2015,21:00,11.7,96,15
5/7/2015,22:00,11.1,95,15
5/7/2015,23:00,10.7,96,15
5/8/2015,0:00,10.7,96,15
5/8/2015,1:00,9.7,96,15
5/8/2015,2:00,9.6,96,15
5/8/2015,3:00,9.3,97,15
5/8/2015,4:00,9.3,97,15
5/8/2015,5:00,8.3,96,15
5/8/2015,6:00,8.2,97,15
5/8/2015,7:00,8.7,97,15
5/8/2015,8:00,10.6,98,15
5/8/2015,9:00,14.4,87,15
5/8/2015,10:00,17.5,78,0
5/8/2015,11:00,19.3,69,0
5/8/2015,12:00,18.9,71,0
5/8/2015,13:00,19.2,72,0
5/8/2015,14:00,20.3,68,0
5/8/2015,15:00,20.4,69,0
5/8/2015,16:00,20.4,74,0
5/8/2015,17:00,17,89,2
5/8/2015,18:00,14.4,93,15
5/8/2015,19:00,13.3,95,15
5/8/2015,20:00,12.9,96,15
5/8/2015,21:00,13.1,97,15
5/8/2015,22:00,13.5,97,15
5/8/2015,23:00,12.3,97,15
5/9/2015,0:00,11.8,97,15
5/9/2015,1:00,12,96,15
5/9/2015,2:00,12.3,98,15
5/9/2015,3:00,11.1,97,15
5/9/2015,4:00,10.3,97,15
5/9/2015,5:00,10.1,97,15
5/9/2015,6:00,9.8,97,15
5/9/2015,7:00,10.2,98,15
5/9/2015,8:00,13.6,99,15
5/9/2015,9:00,18.1,89,11
5/9/2015,10:00,21.6,74,0
5/9/2015,11:00,23.2,66,0
5/9/2015,12:00,24.4,66,0
5/9/2015,13:00,25.3,62,0
5/9/2015,14:00,25,66,0
5/9/2015,15:00,24.9,68,0
5/9/2015,16:00,23.2,81,0
5/9/2015,17:00,20.1,88,2
5/9/2015,18:00,18.7,92,4
5/9/2015,19:00,17.9,95,15
5/9/2015,20:00,17.7,96,15
5/9/2015,21:00,17.4,97,15
5/9/2015,22:00,17.6,97,15
5/9/2015,23:00,17.6,97,15
5/10/2015,0:00,17.4,97,15
5/10/2015,1:00,17.2,98,15
5/10/2015,2:00,17.3,98,15
5/10/2015,3:00,17.1,98,15
5/10/2015,4:00,17.1,98,13
5/10/2015,5:00,17.2,98,13
5/10/2015,6:00,16.9,98,15
5/10/2015,7:00,16.9,98,14
5/10/2015,8:00,17.4,98,11
5/10/2015,9:00,17.8,98,14
5/10/2015,10:00,18.8,97,0
5/10/2015,11:00,20.7,88,0
5/10/2015,12:00,21.1,85,0
5/10/2015,13:00,21.1,86,0
5/10/2015,14:00,21.2,86,0
5/10/2015,15:00,21.2,83,0
5/10/2015,16:00,21.1,85,0
5/10/2015,17:00,19.8,90,1
5/10/2015,18:00,18.9,94,3
5/10/2015,19:00,18.2,95,14
5/10/2015,20:00,18.2,94,2
5/10/2015,21:00,18.1,93,0
5/10/2015,22:00,17.5,95,0
5/10/2015,23:00,16.9,94,0
5/11/2015,0:00,16.6,94,0
5/11/2015,1:00,16.5,94,0
5/11/2015,2:00,16.2,95,0
5/11/2015,3:00,16.3,95,0
5/11/2015,4:00,16.4,95,0
5/11/2015,5:00,16.3,95,14
5/11/2015,6:00,16.2,96,15
5/11/2015,7:00,16.2,96,12
5/11/2015,8:00,16.3,97,13
5/11/2015,9:00,14.8,95,4
5/11/2015,10:00,15.1,95,10
5/11/2015,11:00,16.7,94,2
5/11/2015,12:00,17.6,92,15
5/11/2015,13:00,17.5,90,0
5/11/2015,14:00,17.9,87,0
5/11/2015,15:00,17.8,88,11
5/11/2015,16:00,16.7,92,15
5/11/2015,17:00,16.3,93,11
5/11/2015,18:00,15.8,94,12
5/11/2015,19:00,15.7,97,15
5/11/2015,20:00,14.8,96,15
5/11/2015,21:00,14,97,15
5/11/2015,22:00,13.5,97,15
5/11/2015,23:00,13.7,98,15
5/12/2015,0:00,12.9,97,15
5/12/2015,1:00,12.8,98,15
5/12/2015,2:00,12.4,98,15
5/12/2015,3:00,13.6,98,15
5/12/2015,4:00,13.4,98,15
5/12/2015,5:00,13.8,98,15
5/12/2015,6:00,13.8,98,15
5/12/2015,7:00,14.1,99,15
5/12/2015,8:00,15.3,99,15
5/12/2015,9:00,16.8,97,0
5/12/2015,10:00,18.3,90,0
5/12/2015,11:00,19.6,86,0
5/12/2015,12:00,21.3,76,0
5/12/2015,13:00,21.9,72,0
5/12/2015,14:00,21.8,72,0
5/12/2015,15:00,20.8,75,0
5/12/2015,16:00,20.9,71,0
5/12/2015,17:00,18.3,84,0
5/12/2015,18:00,16,89,1
5/12/2015,19:00,15.1,92,5
5/12/2015,20:00,14.3,94,11
5/12/2015,21:00,13.4,95,12
5/12/2015,22:00,13,96,13
5/12/2015,23:00,12.1,96,14
5/13/2015,0:00,11.8,97,15
5/13/2015,1:00,12.7,98,15
5/13/2015,2:00,12.7,98,15
5/13/2015,3:00,12.7,98,15
5/13/2015,4:00,12.9,98,15
5/13/2015,5:00,12.8,98,15
5/13/2015,6:00,12.4,98,15
5/13/2015,7:00,12.2,98,15
5/13/2015,8:00,13.1,98,15
5/13/2015,9:00,15.1,95,15
5/13/2015,10:00,19,83,0
5/13/2015,11:00,21.3,73,0
5/13/2015,12:00,22.7,66,0
5/13/2015,13:00,23.2,67,0
5/13/2015,14:00,22.9,68,0
5/13/2015,15:00,22.8,66,0
5/13/2015,16:00,21.8,72,0
5/13/2015,17:00,19.5,82,0
5/13/2015,18:00,17.2,91,9
5/13/2015,19:00,15.7,94,10
5/13/2015,20:00,14.6,95,11
5/13/2015,21:00,14.7,96,12
5/13/2015,22:00,13.8,97,13
5/13/2015,23:00,13.6,97,15
5/14/2015,0:00,13.3,97,15
5/14/2015,1:00,12.8,97,15
5/14/2015,2:00,12.8,98,15
5/14/2015,3:00,12.5,98,15
5/14/2015,4:00,12,97,15
5/14/2015,5:00,10.9,97,15
5/14/2015,6:00,10.3,97,15
5/14/2015,7:00,10.2,98,15
5/14/2015,8:00,13.1,99,15
5/14/2015,9:00,16.7,95,15
5/14/2015,10:00,20.4,83,0
5/14/2015,11:00,22.7,71,0
5/14/2015,12:00,24.2,66,0
5/14/2015,13:00,24.9,65,0
5/14/2015,14:00,24.1,64,0
5/14/2015,15:00,24.3,66,0
5/14/2015,16:00,23.6,73,0
5/14/2015,17:00,19.6,88,0
5/14/2015,18:00,18,92,4
5/14/2015,19:00,16.6,94,10
5/14/2015,20:00,16.2,96,11
5/14/2015,21:00,16.2,97,11
5/14/2015,22:00,16.3,97,13
5/14/2015,23:00,16.1,97,14
5/15/2015,0:00,15.8,97,14
5/15/2015,1:00,15.2,97,15
5/15/2015,2:00,15.1,98,15
5/15/2015,3:00,14.9,97,15
5/15/2015,4:00,14.9,98,15
5/15/2015,5:00,14.8,97,15
5/15/2015,6:00,14.5,97,15
5/15/2015,7:00,14.8,98,15
5/15/2015,8:00,15.8,98,15
5/15/2015,9:00,17.7,98,0
5/15/2015,10:00,19.7,90,0
5/15/2015,11:00,22.3,84,0
5/15/2015,12:00,23.4,79,0
5/15/2015,13:00,24.7,71,0
5/15/2015,14:00,24.6,68,0
5/15/2015,15:00,24.4,72,0
5/15/2015,16:00,23.8,76,0
5/15/2015,17:00,21.3,85,0
5/15/2015,18:00,18.9,92,4
5/15/2015,19:00,17.8,95,4
5/15/2015,20:00,16.9,96,4
5/15/2015,21:00,16.8,97,6
5/15/2015,22:00,16.4,97,9
5/15/2015,23:00,16.3,97,12
5/16/2015,0:00,16.3,97,14
5/16/2015,1:00,15.8,98,15
5/16/2015,2:00,15.9,98,15
5/16/2015,3:00,16,97,15
5/16/2015,4:00,16.1,96,15
5/16/2015,5:00,16.1,96,15
5/16/2015,6:00,15.9,95,15
5/16/2015,7:00,16.5,95,15
5/16/2015,8:00,17.9,93,15
5/16/2015,9:00,20.7,88,15
5/16/2015,10:00,23.8,75,0
5/16/2015,11:00,24.4,74,0
5/16/2015,12:00,24.6,74,0
5/16/2015,13:00,25.1,73,0
5/16/2015,14:00,24.1,77,0
5/16/2015,15:00,22.7,84,3
5/16/2015,16:00,21.4,91,15
5/16/2015,17:00,20.3,94,15
5/16/2015,18:00,19.3,95,15
5/16/2015,19:00,19.1,96,15
5/16/2015,20:00,18.7,97,15
5/16/2015,21:00,18.9,97,15
5/16/2015,22:00,18.8,98,15
5/16/2015,23:00,18.3,97,15
5/17/2015,0:00,17.8,98,15
5/17/2015,1:00,17.8,98,14
5/17/2015,2:00,17.4,98,14
5/17/2015,3:00,17.6,98,14
5/17/2015,4:00,17.5,98,14
5/17/2015,5:00,17.5,98,15
5/17/2015,6:00,16.7,98,15
5/17/2015,7:00,16.4,98,15
5/17/2015,8:00,17.1,99,13
5/17/2015,9:00,18.5,99,0
5/17/2015,10:00,19.9,96,0
5/17/2015,11:00,22,87,0
5/17/2015,12:00,24.6,76,0
5/17/2015,13:00,24.9,72,0
5/17/2015,14:00,25.3,69,0
5/17/2015,15:00,25.3,72,0
5/17/2015,16:00,24.3,79,0
5/17/2015,17:00,21.8,88,0
5/17/2015,18:00,19.4,93,3
5/17/2015,19:00,18.8,96,4
5/17/2015,20:00,17.9,96,4
5/17/2015,21:00,16.9,97,6
5/17/2015,22:00,17.7,98,10
5/17/2015,23:00,17.1,98,13
5/18/2015,0:00,16.4,97,14
5/18/2015,1:00,16.2,97,15
5/18/2015,2:00,15.9,98,15
5/18/2015,3:00,15.8,98,15
5/18/2015,4:00,16,98,15
5/18/2015,5:00,14.8,97,15
5/18/2015,6:00,13.9,98,15
5/18/2015,7:00,13.8,98,15
5/18/2015,8:00,15.9,99,12
5/18/2015,9:00,17.6,98,0
5/18/2015,10:00,20.1,89,0
5/18/2015,11:00,22.9,82,0
5/18/2015,12:00,24.8,75,0
5/18/2015,13:00,25.5,71,0
5/18/2015,14:00,25.2,69,0
5/18/2015,15:00,25.1,70,0
5/18/2015,16:00,24.6,74,0
5/18/2015,17:00,21.7,84,3
5/18/2015,18:00,19.8,91,9
5/18/2015,19:00,18.6,95,11
5/18/2015,20:00,17.8,95,12
5/18/2015,21:00,17.4,96,13
5/18/2015,22:00,16.7,97,14
5/18/2015,23:00,16.2,97,15
5/19/2015,0:00,15.7,97,15
5/19/2015,1:00,15.4,97,15
5/19/2015,2:00,15.7,98,15
5/19/2015,3:00,15.8,98,15
5/19/2015,4:00,15.7,98,15
5/19/2015,5:00,15.4,98,15
5/19/2015,6:00,14.9,98,15
5/19/2015,7:00,14.2,98,15
5/19/2015,8:00,15.9,99,15
5/19/2015,9:00,18.8,94,15
5/19/2015,10:00,21.8,84,3
5/19/2015,11:00,23.7,78,0
5/19/2015,12:00,24.8,69,0
5/19/2015,13:00,25.6,66,0
5/19/2015,14:00,25.3,66,0
5/19/2015,15:00,25.3,69,0
5/19/2015,16:00,24.9,73,0
5/19/2015,17:00,22.2,84,0
5/19/2015,18:00,19.7,92,4
5/19/2015,19:00,18.7,95,9
5/19/2015,20:00,18.4,95,9
5/19/2015,21:00,17.4,96,11
5/19/2015,22:00,16.8,96,13
5/19/2015,23:00,16,97,15
5/20/2015,0:00,15.8,97,15
5/20/2015,1:00,15.9,97,15
5/20/2015,2:00,14.9,97,15
5/20/2015,3:00,14.4,98,15
5/20/2015,4:00,14.5,98,15
5/20/2015,5:00,14.6,98,15
5/20/2015,6:00,14.7,98,15
5/20/2015,7:00,14.9,98,15
5/20/2015,8:00,15.3,98,12
5/20/2015,9:00,17.4,99,0
5/20/2015,10:00,21,90,0
5/20/2015,11:00,24.1,75,0
5/20/2015,12:00,25.8,68,0
5/20/2015,13:00,26.5,67,0
5/20/2015,14:00,25.6,69,0
5/20/2015,15:00,25.7,68,0
5/20/2015,16:00,24.8,81,0
5/20/2015,17:00,21.9,87,0
5/20/2015,18:00,19.4,93,10
5/20/2015,19:00,18.5,95,12
5/20/2015,20:00,17.8,96,12
5/20/2015,21:00,17.4,98,14
5/20/2015,22:00,18,97,15
5/20/2015,23:00,17.2,97,15
5/21/2015,0:00,17.2,97,15
5/21/2015,1:00,16.2,97,15
5/21/2015,2:00,15.8,98,15
5/21/2015,3:00,14.8,97,15
5/21/2015,4:00,14.3,98,15
5/21/2015,5:00,14.2,98,15
5/21/2015,6:00,13.6,98,15
5/21/2015,7:00,13.4,98,15
5/21/2015,8:00,15.5,99,15
5/21/2015,9:00,20.4,92,15
5/21/2015,10:00,24,76,0
5/21/2015,11:00,26.2,69,0
5/21/2015,12:00,28.7,60,0
5/21/2015,13:00,28.9,61,0
5/21/2015,14:00,28.3,61,0
5/21/2015,15:00,28.2,62,0
5/21/2015,16:00,25.9,76,0
5/21/2015,17:00,22.1,87,1
5/21/2015,18:00,20.4,93,10
5/21/2015,19:00,19.4,96,12
5/21/2015,20:00,19.3,97,13
5/21/2015,21:00,18.8,97,14
5/21/2015,22:00,18.4,97,15
5/21/2015,23:00,18,96,15
5/22/2015,0:00,17.9,95,15
5/22/2015,1:00,18.1,93,15
5/22/2015,2:00,18.1,92,15
5/22/2015,3:00,17.1,94,15
5/22/2015,4:00,17.4,93,15
5/22/2015,5:00,17.6,92,15
5/22/2015,6:00,17.4,92,15
5/22/2015,7:00,17.4,94,15
5/22/2015,8:00,19.3,91,15
5/22/2015,9:00,23.6,79,0
5/22/2015,10:00,26.3,69,0
5/22/2015,11:00,27.8,64,0
5/22/2015,12:00,29.1,62,0
5/22/2015,13:00,29.3,60,0
5/22/2015,14:00,28.7,63,0
5/22/2015,15:00,28.3,63,0
5/22/2015,16:00,27,74,0
5/22/2015,17:00,22.9,87,0
5/22/2015,18:00,21,92,3
5/22/2015,19:00,20.1,95,14
5/22/2015,20:00,20,95,15
5/22/2015,21:00,19.6,96,15
5/22/2015,22:00,19.5,96,15
5/22/2015,23:00,18.9,97,15
5/23/2015,0:00,18.5,97,15
5/23/2015,1:00,18.4,96,15
5/23/2015,2:00,18.4,95,15
5/23/2015,3:00,17.6,96,15
5/23/2015,4:00,18.4,95,15
5/23/2015,5:00,18.9,93,15
5/23/2015,6:00,18.4,93,15
5/23/2015,7:00,18.8,92,15
5/23/2015,8:00,20.6,89,15
5/23/2015,9:00,24.6,79,0
5/23/2015,10:00,27.2,68,0
5/23/2015,11:00,28.4,64,0
5/23/2015,12:00,29,62,0
5/23/2015,13:00,29.1,64,0
5/23/2015,14:00,30.2,62,0
5/23/2015,15:00,29,64,0
5/23/2015,16:00,28.4,70,0
5/23/2015,17:00,25.4,81,0
5/23/2015,18:00,23.3,87,0
5/23/2015,19:00,22.8,89,0
5/23/2015,20:00,22.7,90,0
5/23/2015,21:00,22.8,89,0
5/23/2015,22:00,24.4,82,0
5/23/2015,23:00,22.8,93,14
5/24/2015,0:00,22.1,95,11
5/24/2015,1:00,21.6,96,13
5/24/2015,2:00,21.4,97,12
5/24/2015,3:00,21.7,97,15
5/24/2015,4:00,20.1,96,11
5/24/2015,5:00,19.8,97,13
5/24/2015,6:00,19.7,97,12
5/24/2015,7:00,19.8,97,15
5/24/2015,8:00,19.8,98,12
5/24/2015,9:00,19.9,97,12
5/24/2015,10:00,20.3,97,11
5/24/2015,11:00,19.2,97,14
5/24/2015,12:00,20.3,96,14
5/24/2015,13:00,19.9,94,1
5/24/2015,14:00,20.3,93,0
5/24/2015,15:00,20.4,93,0
5/24/2015,16:00,20.1,93,0
5/24/2015,17:00,19.6,93,0
5/24/2015,18:00,19.3,95,14
5/24/2015,19:00,19,95,15
5/24/2015,20:00,18.4,96,15
5/24/2015,21:00,18.2,97,15
5/24/2015,22:00,18.7,96,15
5/24/2015,23:00,18.9,95,9
5/25/2015,0:00,18.9,95,2
5/25/2015,1:00,18.8,93,0
5/25/2015,2:00,18.8,92,0
5/25/2015,3:00,18.6,91,0
5/25/2015,4:00,18.2,92,15
5/25/2015,5:00,18.1,93,2
5/25/2015,6:00,17.8,95,15
5/25/2015,7:00,17.9,96,1
5/25/2015,8:00,18.2,95,0
5/25/2015,9:00,19.4,90,0
5/25/2015,10:00,20.6,89,0
5/25/2015,11:00,21.8,83,0
5/25/2015,12:00,21.8,81,0
5/25/2015,13:00,21.7,83,0
5/25/2015,14:00,21.9,81,0
5/25/2015,15:00,21.4,83,0
5/25/2015,16:00,21.1,84,0
5/25/2015,17:00,20.5,86,0
5/25/2015,18:00,20.3,85,0
5/25/2015,19:00,19.8,87,0
5/25/2015,20:00,19.8,87,0
5/25/2015,21:00,19.2,88,0
5/25/2015,22:00,18.2,93,0
5/25/2015,23:00,18.5,91,0
5/26/2015,0:00,18.1,93,0
5/26/2015,1:00,17.4,94,15
5/26/2015,2:00,17.2,95,15
5/26/2015,3:00,16.2,95,15
5/26/2015,4:00,16,97,15
5/26/2015,5:00,16.2,97,15
5/26/2015,6:00,16.9,98,15
5/26/2015,7:00,17.2,97,15
5/26/2015,8:00,18,97,15
5/26/2015,9:00,19.1,94,0
5/26/2015,10:00,19.9,92,0